43016,1年以下,大专,全职,销售顾问（园区组）,1936385,2016-10-24 17:53:25,苏州,image2/M00/04/92/CgpzWlXySBqAQsm0AACqIAvx5NQ164.png,"电子商务,O2O",平台大、晋升快,6k-8k,2000人以上,1,成熟型(C轮),技能培训|节日礼物|绩效奖金|岗位晋升,工业园区,美菜网,0,4844798,,,0,0,0,,,东环路|邻里中心|左岸商业街,disabled,1477302600000,17:53发布,0,北京云杉世界信息技术有限公司
132562,3-5年,不限,全职,前端工程师,2311170,2016-10-24 17:51:42,北京,i/image/M00/51/F1/Cgp3O1e6cDuAL3PoAAA3pcww4Xg497.png,数据服务,分享活跃、工作心不累、无限量零食,15k-25k,15-50人,1,成长型(A轮),带薪年假|节日礼物|弹性工作|领导好,,topdmc,0,5073444,,,0,0,0,,,,today,1477280136000,17:51发布,0,北京成为科技有限公司
60342,1-3年,本科,全职,PHP开发人员,538609,2016-10-24 17:48:51,大连,image1/M00/18/CA/Cgo8PFUWN0-AU_wFAACh5nypxpM949.jpg,电子商务,寻找不甘心只是打工，心怀梦想的创业年青人,4K-7K,少于15人,0,初创型(未融资),,高新园区,杰亚科技,0,1517573,,,0,0,0,,,火炬路|七贤岭|广贤路,today,1477302081000,17:48发布,0,大连杰亚科技有限公司
52010,1-3年,大专,全职,客户代表,2322948,2016-10-24 17:52:57,上海,image1/M00/00/89/Cgo8PFTUXfiALP2fAABUXKfhcvk153.png,移动互联网,高额提成 上不封顶 节日福利 时间自由,3k-6k,15-50人,0,初创型(不需要融资),专项奖金|带薪年假|绩效奖金|五险一金,浦东新区,CHINTEC,0,1308273,,,0,0,0,,,张江,disabled,1477029648000,17:52发布,0,上海勤凯信息科技有限公司
81108,不限,不限,全职,网络销售（底薪6k，提供客户资源）,2501718,2016-10-24 17:50:40,北京,i/image/M00/50/CD/CgqKkVe1LKSAby9YAAATVSLqxUI426.jpg,金融,底薪6000+业绩提成+新单奖励+话补+全勤奖,6k-8k,150-500人,1,成长型(不需要融资),技能培训|专项奖金|带薪年假|绩效奖金,,巨丰投资,0,2188933,,,0,0,0,,,,today,1477302564000,17:50发布,0,陕西巨丰投资资讯有限责任公司北京分公司
323,3-5年,本科,全职,高级Java研发工程师,2067976,2016-10-24 17:48:59,北京,image1/M00/00/02/CgYXBlTUV_eAavJtAAAGJ5FjmEQ222.gif,移动互联网,高并发、亿级PV、轻松的工作氛围,15k-25k,2000人以上,1,上市公司,年终分红|绩效奖金|股票期权|五险一金,海淀区,百度游戏,0,2811104,,,0,0,0,,,上地|马连洼|颐和园,today,1477301308000,17:48发布,0,百度移信网络技术（北京）有限公司
16779,3-5年,大专,全职,ETL开发工程师,1246729,2016-10-24 17:48:48,深圳,image1/M00/00/1F/Cgo8PFTUWGuABbguAACMonD2tdU868.png,金融,福利待遇好，发展空间大，扁平化管理,10k-18k,500-2000人,1,成熟型(不需要融资),技能培训|带薪年假|扁平管理|领导好,南山区,中信网科,0,1684918,,,0,0,0,,,科技园|科技园|大冲,today,1477302511000,17:48发布,0,中信网络科技股份有限公司
29496,1-3年,本科,全职,数据产品经理,2192394,2016-10-24 17:52:12,北京,image1/M00/00/41/Cgo8PFTUXMuAeMAuAABAtFBcbOM313.png,"移动互联网,金融",六险一金 补充医疗 自助午餐 年度体检,10k-20k,150-500人,1,成长型(B轮),13~15薪|晋升空间大|定期体检|能力定薪,朝阳区,闪银奇异,0,3662591,,,0,0,0,,,团结湖|朝阳公园|三里屯,disabled,1477302706000,17:52发布,0,北京闪银奇异科技有限公司
25255,1-3年,大专,全职,淘宝运营,144398,2016-10-24 17:52:00,广州,i/image/M00/46/D8/Cgp3O1eNx_uARtWDAAAgbKHxEIo218.jpg,电子商务,五险一金 提成 奖金,4k-6k,50-150人,1,初创型(未融资),年终分红|绩效奖金|年底双薪|五险一金,番禺区,卡鲁商贸,0,302596,,,0,0,0,,,南浦|大石|洛溪,disabled,1477302680000,17:52发布,0,广州卡鲁商贸有限公司
17131,1-3年,大专,全职,淘宝客服,2279957,2016-10-24 17:54:46,深圳,image1/M00/38/0C/Cgo8PFWkpniAEUh_AAA9OYb2_sE890.jpg,电子商务,双休、带薪年假、弹性工作时间、帅哥萌妹多,4k-5k,150-500人,1,上市公司,绩效奖金|带薪年假|节日礼物|五险一金,福田区,康美（深圳）电子商务有限公司,0,198671,,,0,0,0,,,岗厦|福华新村|莲花三村,today,1477279648000,17:54发布,0,康美（深圳）电子商务有限公司
11317,5-10年,本科,全职,高级Java开发攻城狮,1571862,2016-10-24 17:53:33,北京,image1/M00/3E/18/Cgo8PFW6zMuAUtu4AAA02B-6fVE006.png,金融,大平台、五险一金、超长午休,15k-25k,2000人以上,1,成熟型(不需要融资),技能培训|年底双薪|带薪年假|绩效奖金,东城区,恒昌利通,0,3462436,,,0,0,0,,,北京站|建国门|建外大街,today,1477301622000,17:53发布,0,北京恒昌利通投资管理有限公司
5436,3-5年,本科,全职,高级UI设计师,2451033,2016-10-24 17:52:08,南京,i/image/M00/04/28/Cgp3O1bGtGmAaMWaAAAq7t7JebE096.jpg,"移动互联网,数据服务",助你成为最具创新意识的设计师哦~~,12k-20k,50-150人,1,成长型(A轮),股票期权|五险一金|节日礼物|岗位晋升,玄武区,公平价,0,54642,,,0,0,0,,,,today,1477302672000,17:52发布,0,南京价公信息技术有限公司
746,3-5年,大专,全职,高级美术指导,2441241,2016-10-24 17:52:16,深圳,image2/M00/03/EE/CgpzWlXv1RWAfCU1AAEcbl8nlDE401.jpg,广告营销,周末双休 弹性上班 绩效奖金,8k-15k,150-500人,1,成长型(A轮),节日礼物|年度旅游|岗位晋升|技能培训,福田区,钛铂新媒体,0,5964534,,,0,0,0,,,新洲|石厦,today,1477302325000,17:52发布,0,深圳钛铂新媒体营销股份有限公司
48992,3-5年,本科,全职,iOS开发,2501722,2016-10-24 17:51:03,福州,image1/M00/00/7F/CgYXBlTUXc-AIoHZAABzzXlRe3A429.jpg,"企业服务,数据服务",福利待遇好，发展前景好,6k-12k,2000人以上,0,成熟型(D轮及以上),年底双薪|免费班车|带薪年假|绩效奖金,,亚信数据,0,4139145,,,0,0,0,,,,disabled,1477302613000,17:51发布,0,北京亚信数据有限公司
38059,5-10年,本科,全职,JAVA高级工程师,2213925,2016-10-24 17:48:42,上海,i/image/M00/02/B4/Cgp3O1aYkTCAXUqcAAAbd1LXO7U460.jpg,数据服务,福利优厚+发展空间大,15k-25k,50-150人,1,上市公司,股票期权|带薪年假|绩效奖金|岗位晋升,浦东新区,派拉软件,0,683797,,,0,0,0,,,张江,disabled,1477302335000,17:48发布,0,上海派拉软件股份有限公司
132562,1-3年,不限,全职,行政前台,2375718,2016-10-24 17:51:41,北京,i/image/M00/51/F1/Cgp3O1e6cDuAL3PoAAA3pcww4Xg497.png,数据服务,"氛围轻松,转型空间大,周末双休,办公环境好",3k-5k,15-50人,1,成长型(A轮),带薪年假|节日礼物|弹性工作|领导好,朝阳区,topdmc,0,5073444,,,0,0,0,,,建国门|北京站|朝阳门,today,1477280136000,17:51发布,0,北京成为科技有限公司
6974,3-5年,本科,全职,Java工程师,2407468,2016-10-24 17:52:59,上海,image1/M00/1C/20/CgYXBlUkzhWADyqcAACJi6Ygmds686.jpg,"移动互联网,金融",互联网金融 500强 弹性作息 薪酬福利好,12k-20k,500-2000人,1,上市公司,绩效奖金|专项奖金|五险一金|带薪年假,徐汇区,平安金融科技,0,5186800,,,0,0,0,,,龙华|上海体育场|日晖,disabled,1477302557000,17:52发布,0,深圳平安金融科技咨询有限公司上海分公司
4210,5-10年,本科,全职,项目经理,1760305,2016-10-24 17:48:54,西安,i/image/M00/0A/EA/Cgp3O1bVQVeAIYLlAAAFpvfzivk147.jpg,"移动互联网,企业服务",七险一金，带薪年假，各种补贴，福利多多,8k-16k,2000人以上,1,上市公司,五险一金|绩效奖金|技能培训|管理规范,高新技术产业开发区,神州信息,0,547470,,,0,0,0,,,,disabled,1477302520000,17:48发布,0,神州数码信息服务股份有限公司
101010,1-3年,本科,全职,Java高级开发工程师,2332254,2016-10-24 17:50:01,上海,i/image/M00/00/55/CgqKkVZBx7yAaiPoAAKeFSYDvQQ561.jpg,"移动互联网,O2O",可带宠物上班 五险一金 员工旅游,15k-25k,15-50人,1,成长型(A轮),节日礼物|年底双薪|股票期权|带薪年假,徐汇区,小狗在家,0,2845669,,,0,0,0,,,田林|漕河泾|漕宝路,today,1477302587000,17:50发布,0,上海胖球信息科技有限公司
323,3-5年,本科,全职,预算及财务分析经理,2501689,2016-10-24 17:47:57,北京,image1/M00/00/02/CgYXBlTUV_eAavJtAAAGJ5FjmEQ222.gif,移动互联网,"晋升机制好,氛围轻松",15k-30k,2000人以上,1,上市公司,年终分红|绩效奖金|股票期权|五险一金,,百度游戏,0,2811104,,,0,0,0,,,,today,1477301308000,17:47发布,0,百度移信网络技术（北京）有限公司
118510,1-3年,本科,全职,运维工程师,2445151,2016-10-24 17:49:28,杭州,i/image/M00/10/D1/Cgp3O1bgzfaAO3fXAAKcZvpkTfs077.jpg,其他,福利待遇优厚，发展前景巨大,12k-18k,500-2000人,0,上市公司,,下沙,四季沐歌集团,0,4441920,,,0,0,0,,,白杨|下沙,today,1477280836000,17:49发布,0,北京四季沐歌太阳能技术集团有限公司
125274,1-3年,大专,全职,软件测试工程师,2501692,2016-10-24 17:48:08,广州,i/image/M00/21/97/Cgp3O1cR28eAdxbjAALrc1Wy-BM338.png,移动互联网,社会保险 绩效奖金 员工旅游 节假日福利,5k-8k,15-50人,0,初创型(未融资),,天河区,品向网络,0,4513628,,,0,0,0,,,车陂|东圃|棠下,disabled,1477300668000,17:48发布,0,广州品向网络科技有限公司
148387,1年以下,大专,全职,web前端,2373693,2016-10-24 17:49:37,南宁,i/image/M00/5A/51/Cgp3O1feDKmAF2iMAAAaz9D8fos156.png,"金融,O2O",股权奖励、朝九晚六、双休、年底奖金,4k-6k,15-50人,0,成长型(A轮),年底双薪|绩效奖金|股票期权|岗位晋升,西乡塘区,学信贷,0,1833911,,,0,0,0,,,,today,1477299746000,17:49发布,0,广西学信融经济信息咨询有限公司
38059,3-5年,本科,全职,高级系统工程师,2333760,2016-10-24 17:50:35,上海,i/image/M00/02/B4/Cgp3O1aYkTCAXUqcAAAbd1LXO7U460.jpg,数据服务,提升空间大+扁平化管理,10k-15k,50-150人,1,上市公司,股票期权|带薪年假|绩效奖金|岗位晋升,浦东新区,派拉软件,0,683797,,,0,0,0,,,,disabled,1477302335000,17:50发布,0,上海派拉软件股份有限公司
52010,3-5年,大专,全职,产品专员,2470465,2016-10-24 17:52:52,上海,image1/M00/00/89/Cgo8PFTUXfiALP2fAABUXKfhcvk153.png,移动互联网,五险一金 年终奖金 绩效资金 集体旅游,6k-10k,15-50人,0,初创型(不需要融资),专项奖金|带薪年假|绩效奖金|五险一金,浦东新区,CHINTEC,0,1308273,,,0,0,0,,,张江,disabled,1477029648000,17:52发布,0,上海勤凯信息科技有限公司
25255,1-3年,不限,全职,网店运营,2085987,2016-10-24 17:52:02,广州,i/image/M00/46/D8/Cgp3O1eNx_uARtWDAAAgbKHxEIo218.jpg,电子商务,五险一金；带薪年假；法定节假日,3k-6k,50-150人,1,初创型(未融资),年终分红|绩效奖金|年底双薪|五险一金,番禺区,卡鲁商贸,0,302596,,,0,0,0,,,南浦|大石|洛溪,disabled,1477302680000,17:52发布,0,广州卡鲁商贸有限公司
24995,3-5年,本科,全职,Java（前后台),2501700,2016-10-24 17:48:56,上海,image1/M00/00/33/CgYXBlTUXI-AC08_AACIkHlny3Y866.jpg,"移动互联网,企业服务",工作日美味三餐、半年调薪 、国外旅游,15k-20k,500-2000人,1,成熟型(D轮及以上),技能培训|带薪年假|绩效奖金|岗位晋升,,泛微,0,2039631,,,0,0,0,,,,today,1477287145000,17:48发布,0,上海泛微网络科技股份有限公司
24995,1-3年,大专,全职,OA大客户代表,2501701,2016-10-24 17:49:02,上海,image1/M00/00/33/CgYXBlTUXI-AC08_AACIkHlny3Y866.jpg,"移动互联网,企业服务",年终分红 包三餐 绩效奖金 销售提成,6k-8k,500-2000人,1,成熟型(D轮及以上),技能培训|带薪年假|绩效奖金|岗位晋升,,泛微,0,2039631,,,0,0,0,,,,today,1477287145000,17:49发布,0,上海泛微网络科技股份有限公司
108012,1-3年,大专,全职,市场专员,2387526,2016-10-24 17:49:39,北京,i/image/M00/38/47/CgqKkVdiZBiAAY41AAHi6rKcdhE539.png,"移动互联网,文化娱乐",艺术区办公 扁平管理 零食咖啡 五险一金,4k-8k,50-150人,0,成长型(A轮),绩效奖金|带薪年假|午餐补助|节日礼物,,星发布,0,5249999,,,0,0,0,,,,disabled,1477302541000,17:49发布,0,北京星发布科技发展有限公司
46854,1-3年,大专,全职,商务助理,2501703,2016-10-24 17:49:09,广州,image1/M00/00/78/Cgo8PFTUXbOADCePAABGiLZDnKs891.png,"移动互联网,数据服务",五险一金、双休、月集体活动,4k-6k,50-150人,1,初创型(未融资),节假日福利|年度旅游|岗位晋升|人性化,,佰锐科技,0,3678498,,,0,0,0,,,,today,1477302458000,17:49发布,0,广州佰锐网络科技有限公司
73707,不限,本科,全职,运营专员,2501704,2016-10-24 17:49:15,深圳,i/image/M00/3F/6E/CgqKkVd3nhqAVUhKAAAPMR3I_as461.png,"移动互联网,企业服务",高速成长，加薪快，股权期权，五险一金,7k-14k,15-50人,1,成长型(A轮),节日礼物|年底双薪|股票期权|绩效奖金,,秦丝科技,0,1825489,,,0,0,0,,,,today,1477301564000,17:49发布,0,深圳市秦丝科技有限公司
24995,不限,本科,全职,项目实施,2501705,2016-10-24 17:49:18,上海,image1/M00/00/33/CgYXBlTUXI-AC08_AACIkHlny3Y866.jpg,"移动互联网,企业服务",半年调薪 美味下午茶 福利齐全 氛围轻松,6k-8k,500-2000人,1,成熟型(D轮及以上),技能培训|带薪年假|绩效奖金|岗位晋升,,泛微,0,2039631,,,0,0,0,,,,today,1477287145000,17:49发布,0,上海泛微网络科技股份有限公司
25322,3-5年,本科,全职,Java开发工程师,2501706,2016-10-24 17:49:25,福州,image1/M00/44/54/CgYXBlXVQ6aAGXrAAABY2xXSS8I163.png,"移动互联网,数据服务",福利待遇好、发展前景好,6k-12k,2000人以上,1,成熟型(不需要融资),年底双薪|技能培训|免费班车|带薪年假,,亚信,0,4988746,,,0,0,0,,,,today,1477302442000,17:49发布,0,亚信科技（中国）有限公司
106028,3-5年,大专,全职,UI设计师,2501708,2016-10-24 17:49:37,深圳,i/image/M00/49/B4/CgqKkVeYLrWASBjwAACGfj-mNXg809.jpg,移动互联网,薪资+奖金 +社保+双休+带薪年假,6k-12k,15-50人,0,初创型(未融资),年底双薪|绩效奖金|年度旅游|帅哥多,,全支宝,0,3092079,,,0,0,0,,,,today,1477302433000,17:49发布,0,深圳前海一德网络科技有限公司
24186,不限,大专,全职,活动执行－烟台,2501709,2016-10-24 17:49:46,烟台,i/image/M00/3A/53/CgqKkVdpAoyAFaSTAAHcX4hheIU903.png,"移动互联网,广告营销","老板好,五险一金,下午茶,健身房",3k-6k,15-50人,1,初创型(不需要融资),六险一金|扁平管理|弹性工作|管理规范,,名厨,0,285619,,,0,0,0,,,,today,1477301791000,17:49发布,0,北京早耕田国际广告有限公司
152337,1-3年,本科,全职,Java开发,2501710,2016-10-24 17:49:47,成都,i/image/M00/64/AC/Cgp3O1gFycmAI3fQAAALLPmOj1Q728.png,"移动互联网,企业服务",五险一金 专业培训,5k-9k,50-150人,0,成长型(不需要融资),,,陈宇信息,0,6343753,,,0,0,0,,,,disabled,1477301748000,17:49发布,0,成都宸钰信息技术服务有限公司
6568,1-3年,大专,全职,市场BD,2501711,2016-10-24 17:49:58,深圳,i/image/M00/1B/52/Cgp3O1b8hQGAWkCBAAB9PqLG7gE747.jpg,"移动互联网,游戏",来了你就知道,6k-8k,50-150人,1,成长型(B轮),技能培训|节日礼物|带薪年假|岗位晋升,,泡椒网,0,68908,,,0,0,0,,,,today,1477302524000,17:49发布,0,深圳泡椒思志信息技术有限公司
140033,1-3年,本科,全职,后端开发其它,2501712,2016-10-24 17:50:05,北京,i/image/M00/47/66/CgqKkVePQbKAAkBVAAA9bKilxpk300.png,移动互联网,五险一金、饭补、节日福利、团队活动,6k-10k,500-2000人,0,上市公司,,,北京联合永道软件股份有限公司,0,5289898,,,0,0,0,,,,disabled,1477299453000,17:50发布,0,北京联合永道软件股份有限公司
137704,5-10年,大专,全职,Java讲师,2501713,2016-10-24 17:50:08,北京,i/image/M00/41/D5/Cgp3O1d91LGAT4BNAAA23CMTzTw386.jpg,"教育,移动互联网","五险一金,带薪年假,绩效奖金",15k-25k,50-150人,0,初创型(未融资),绩效奖金|午餐补助|带薪年假|美女多,,天瑞地安,0,5779169,,,0,0,0,,,,today,1477302129000,17:50发布,0,北京天瑞地安网络科技有限公司
323,3-5年,本科,全职,交互设计师,1780323,2016-10-24 17:53:32,北京,image1/M00/00/02/CgYXBlTUV_eAavJtAAAGJ5FjmEQ222.gif,移动互联网,团队NICE、大牛云集、扁平管理、福利多多,15k-30k,2000人以上,1,上市公司,年终分红|绩效奖金|股票期权|五险一金,,百度游戏,0,275741,,,0,0,0,,,,disabled,1477302557000,17:53发布,0,百度移信网络技术（北京）有限公司
38059,3-5年,本科,全职,Hadoop运维工程师,2501716,2016-10-24 17:50:29,上海,i/image/M00/02/B4/Cgp3O1aYkTCAXUqcAAAbd1LXO7U460.jpg,数据服务,发展空间大+扁平化管理,15k-25k,50-150人,1,上市公司,股票期权|带薪年假|绩效奖金|岗位晋升,,派拉软件,0,683797,,,0,0,0,,,,disabled,1477302335000,17:50发布,0,上海派拉软件股份有限公司
48992,3-5年,本科,全职,Java研发工程师,2501717,2016-10-24 17:50:32,福州,image1/M00/00/7F/CgYXBlTUXc-AIoHZAABzzXlRe3A429.jpg,"企业服务,数据服务",福利待遇、发展前景好,6k-12k,2000人以上,0,成熟型(D轮及以上),年底双薪|免费班车|带薪年假|绩效奖金,,亚信数据,0,4139145,,,0,0,0,,,,disabled,1477302613000,17:50发布,0,北京亚信数据有限公司
40729,3-5年,大专,全职,资深艺人经纪,2080854,2016-10-24 17:52:26,北京,i/image/M00/0B/F9/CgqKkVbWpG2AEYLtAAPuXenmYAU056.png,"移动互联网,社交网络",团队福利好，鼓励奇思妙想，项目提成,8k-15k,15-50人,1,成长型(A轮),节日礼物|带薪年假|年度旅游|扁平管理,东城区,Rela热拉-拉拉交友APP,0,752892,,,0,0,0,,,朝阳门|东四|朝外,today,1477280897000,17:52发布,0,上海初生网络科技有限公司
151036,5-10年,本科,全职,金融产品经理,2501732,2016-10-24 17:53:22,上海,i/image/M00/66/5B/Cgp3O1gJ7_aAU0uCAAAbCfDZO38092.png,金融,各类金融机构产品，升职空间,20k-30k,50-150人,1,成长型(B轮),年底双薪|带薪年假|定期体检|交通补助,,群星金融,0,4784859,,,0,0,0,,,,disabled,1477301227000,17:53发布,0,鼎必程（上海）信息技术有限公司
17131,1-3年,大专,全职,运营专员,2342490,2016-10-24 17:54:47,深圳,image1/M00/38/0C/Cgo8PFWkpniAEUh_AAA9OYb2_sE890.jpg,电子商务,双休、带薪年假、五险一金、帅哥萌妹多,4k-7k,150-500人,1,上市公司,绩效奖金|带薪年假|节日礼物|五险一金,,康美（深圳）电子商务有限公司,0,198671,,,0,0,0,,,,today,1477279648000,17:54发布,0,康美（深圳）电子商务有限公司
48992,3-5年,本科,全职,java研发工程师,2501723,2016-10-24 17:51:16,广州,image1/M00/00/7F/CgYXBlTUXc-AIoHZAABzzXlRe3A429.jpg,"企业服务,数据服务",福利待遇好,10k-20k,2000人以上,0,成熟型(D轮及以上),年底双薪|免费班车|带薪年假|绩效奖金,,亚信数据,0,4139145,,,0,0,0,,,,disabled,1477302613000,17:51发布,0,北京亚信数据有限公司
7182,1-3年,大专,全职,用户运营,2178490,2016-10-24 17:48:22,北京,i/image/M00/64/BB/CgqKkVgF3UGAPb02AAAYYWkMwIE292.jpg,教育,互联网教育，公司前景好，福利多。,6k-8k,500-2000人,1,成熟型(C轮),绩效奖金|专项奖金|五险一金|带薪年假,朝阳区,尚德机构,0,371879,,,0,0,0,,,望京|花家地|大山子,today,1477301436000,17:48发布,0,北京尚佳崇业教育科技有限公司
37012,应届毕业生,大专,全职,电商助理,2501726,2016-10-24 17:52:21,上海,image1/M00/00/59/Cgo8PFTUXS6AHzhKAACIKCyMua0046.jpg,移动互联网,五险一金 弹性工作 绩效奖金 餐补 交通补贴,3k-5k,50-150人,1,成长型(A轮),节日礼物|股票期权|带薪年假|岗位晋升,,肌肤管家skinrun,0,5468,,,0,0,0,,,,today,1477302494000,17:52发布,0,上海商路网络科技有限公司
73707,不限,大专,全职,市场推广,2501727,2016-10-24 17:52:30,深圳,i/image/M00/3F/6E/CgqKkVd3nhqAVUhKAAAPMR3I_as461.png,"移动互联网,企业服务",高提成，加薪快，股权期权，五险一金,6k-12k,15-50人,1,成长型(A轮),节日礼物|年底双薪|股票期权|绩效奖金,,秦丝科技,0,1825489,,,0,0,0,,,,today,1477301564000,17:52发布,0,深圳市秦丝科技有限公司
152337,1-3年,本科,全职,运维工程师（数据库维护）,2501728,2016-10-24 17:52:42,成都,i/image/M00/64/AC/Cgp3O1gFycmAI3fQAAALLPmOj1Q728.png,"移动互联网,企业服务",五险一金 专业培训,3k-6k,50-150人,0,成长型(不需要融资),,,陈宇信息,0,6343753,,,0,0,0,,,,disabled,1477301748000,17:52发布,0,成都宸钰信息技术服务有限公司
137126,不限,本科,全职,新媒体运营,2501729,2016-10-24 17:52:56,广州,i/image/M00/40/03/CgqKkVd53vKAZY8oAAAU6igKi5k432.png,"移动互联网,电子商务","体育情怀,大牛交流,吃喝玩乐,氛围自由",3k-6k,少于15人,1,初创型(天使轮),技能培训|扁平管理,,广州比赛日,0,5540069,,,0,0,0,,,,today,1477302532000,17:52发布,0,广州比赛日网络科技有限公司
63978,1-3年,大专,全职,内容编辑,2501731,2016-10-24 17:53:15,广州,image1/M00/1E/B0/Cgo8PFUvUkeAUY4uAAA5FeR3drc914.jpg,移动互联网,五险一金；福利津贴；年终奖金,5k-6k,150-500人,1,上市公司,节日礼物|带薪年假|绩效奖金|岗位晋升,,房王网,0,817629,,,0,0,0,,,,today,1477301078000,17:53发布,0,广州房王网络科技有限公司
4502,不限,本科,全职,测试,1529444,2016-10-24 17:52:20,北京,image1/M00/3D/79/CgYXBlW4esGALwfxAAA54wwdGP8713.jpg,"移动互联网,企业服务",六险一金、带薪年假、技术提升、股权激励,8k-15k,50-150人,1,成长型(B轮),年终分红|绩效奖金|年底双薪|股票期权,,世纪鼎点,0,86788,,,0,0,0,,,,today,1477300607000,17:52发布,0,北京世纪鼎点软件有限公司
107423,3-5年,本科,全职,瓜子二手车高薪诚聘PHP技术牛人,2501733,2016-10-24 17:53:23,北京,i/image/M00/0B/AE/Cgp3O1bWYyOAQo96AAC1TQO-4Cg541.jpg,O2O,全年最高19薪 期权 核心职位,30k-50k,2000人以上,0,成长型(A轮),带薪年假|弹性工作|免费班车|美女多,,瓜子二手车直卖网,0,3548181,,,0,0,0,,,,today,1477295324000,17:53发布,0,车好多旧机动车经纪(北京)有限公司
89397,5-10年,本科,全职,产品经理,2501734,2016-10-24 17:53:40,武汉,i/image/M00/27/D3/CgqKkVcpUe-AW6DFAAAcMjvnZCg687.png,"移动互联网,电子商务",双休 五险一金 未来股权激励 弹性工作制,12k-18k,50-150人,1,成长型(A轮),带薪年假|岗位晋升|管理规范|美女多,,武汉物易云通网络科技,0,6245457,,,0,0,0,,,,today,1477302537000,17:53发布,0,武汉物易云通网络科技有限公司
115251,不限,大专,全职,销售（5K底新+高提成 双休）,2501735,2016-10-24 17:53:43,深圳,i/image/M00/05/10/CgqKkVbKeAmAHRpVAAASV0HqpNo735.jpg,金融,人性化管理 餐补全勤 双休双薪+奖金,10k-18k,50-150人,0,成长型(不需要融资),,,兆利丰,0,3956049,,,0,0,0,,,,disabled,1477302710000,17:53发布,0,深圳兆利丰投资管理有限公司
81108,不限,不限,全职,电话销售（底薪6k，五险双休高提成）,2501736,2016-10-24 17:54:02,北京,i/image/M00/50/CD/CgqKkVe1LKSAby9YAAATVSLqxUI426.jpg,金融,底薪6k＋绩效奖金＋不定期旅游＋补助,6k-8k,150-500人,1,成长型(不需要融资),技能培训|专项奖金|带薪年假|绩效奖金,,巨丰投资,0,2188933,,,0,0,0,,,,today,1477302564000,17:54发布,0,陕西巨丰投资资讯有限责任公司北京分公司
107423,3-5年,本科,全职,瓜子二手车高级PHP工程师,2501737,2016-10-24 17:54:03,北京,i/image/M00/0B/AE/Cgp3O1bWYyOAQo96AAC1TQO-4Cg541.jpg,O2O,瓜子二手车 急聘！,20k-40k,2000人以上,0,成长型(A轮),带薪年假|弹性工作|免费班车|美女多,,瓜子二手车直卖网,0,3548181,,,0,0,0,,,,today,1477295324000,17:54发布,0,车好多旧机动车经纪(北京)有限公司
76944,3-5年,大专,全职,高级Java开发工程师,1203306,2016-10-24 17:53:14,杭州,i/image/M00/62/AD/CgqKkVf_IdWAGij1AAAOM2gEwOU299.png,"移动互联网,金融",双休、五险一金、13薪,15k-25k,150-500人,1,成长型(A轮),节日礼物|年底双薪|带薪年假|绩效奖金,余杭区,铜掌柜,0,1935360,,,0,0,0,,,仓前,today,1477274673000,17:53发布,0,杭州铜米互联网金融服务有限公司
76944,3-5年,大专,全职,产品经理（后台）,1540203,2016-10-24 17:53:11,杭州,i/image/M00/62/AD/CgqKkVf_IdWAGij1AAAOM2gEwOU299.png,"移动互联网,金融",五险一金，期权,15k-20k,150-500人,1,成长型(A轮),节日礼物|年底双薪|带薪年假|绩效奖金,余杭区,铜掌柜,0,1935360,,,0,0,0,,,仓前,today,1477274673000,17:53发布,0,杭州铜米互联网金融服务有限公司
153559,1-3年,大专,全职,网站建设及Seo优化,2501740,2016-10-24 17:54:17,上海,i/image/M00/67/04/Cgp3O1gNaQ2AFDPtAABaKlSM9YU739.png,金融,年终奖&nbsp;绩效奖金&nbsp;周末双休&nbsp;带薪年假,8K-12K,10-50人,0,初创型(天使轮),,,曦浩投资,0,5594561,,,0,0,0,,,,today,1477302654000,17:54发布,0,上海曦浩投资有限公司
107423,3-5年,本科,全职,瓜子二手车急聘！PHP高级开发工程师,2501741,2016-10-24 17:54:18,北京,i/image/M00/0B/AE/Cgp3O1bWYyOAQo96AAC1TQO-4Cg541.jpg,O2O,独角兽 弹性工作 团队高效,25k-30k,2000人以上,0,成长型(A轮),带薪年假|弹性工作|免费班车|美女多,,瓜子二手车直卖网,0,3762808,,,0,0,0,,,,disabled,1464688921000,17:54发布,0,车好多旧机动车经纪(北京)有限公司
140994,1-3年,大专,全职,SEM,2305646,2016-10-24 17:52:48,广州,i/image/M00/49/66/CgqKkVeXHG-ASD0uAAAKH2Q5LaY633.png,"移动互联网,数据服务",CBD办公 福利好 颜值高 节日福利,5k-8k,50-150人,1,初创型(未融资),,,猫步汽车,0,5758821,,,0,0,0,,,,overSevenDays,1475229567000,17:52发布,0,广州猫步汽车租赁有限公司
107613,3-5年,大专,全职,Node.js高级工程师,1487471,2016-10-24 17:52:19,武汉,i/image/M00/00/AD/Cgp3O1ZStKKAAmNAAAALcMM1n6Q138.png,"教育,移动互联网",足够大的发展空间，全方位成长机会,6k以上,15-50人,0,初创型(未融资),,洪山区,易能教育,0,3268439,,,0,0,0,,,,overSevenDays,1476405882000,17:52发布,0,武汉易能教育科技有限公司
323,3-5年,本科,全职,大数据架构师,2501744,2016-10-24 17:54:46,北京,image1/M00/00/02/CgYXBlTUV_eAavJtAAAGJ5FjmEQ222.gif,移动互联网,团队NICE、大牛云集、扁平管理、福利多多,20k-35k,2000人以上,1,上市公司,年终分红|绩效奖金|股票期权|五险一金,,百度游戏,0,275741,,,0,0,0,,,,disabled,1477302557000,17:54发布,0,百度移信网络技术（北京）有限公司
210,1-3年,本科,全职,投资者关系,2501745,2016-10-24 17:54:57,杭州,i/image/M00/60/10/Cgp3O1f4jdyAfoycAAA-60dIeCg063.png,"移动互联网,电子商务","上市准备,优秀团队,市值百亿",8k-16k,50-150人,1,成长型(A轮),弹性工作时间|年终奖不封顶|期权奖励|每年出国旅游,,浙江企朋－专注企业服务,0,441,,,0,0,0,,,,today,1477300151000,17:54发布,0,浙江企朋网络技术股份有限公司
152893,1-3年,大专,全职,保险代理人,2501746,2016-10-24 17:55:05,上海,i/image/M00/65/53/Cgp3O1gHOE6AUeb6AAB9ZJOIOiQ906.png,"金融,移动互联网",时间自由，收入高,12K-16K,2000人以上,0,初创型(未融资),,,平安,0,6312554,,,0,0,0,,,,disabled,1477302492000,17:55发布,0,平安集团股份有限公司
81108,不限,不限,全职,销售代表（底薪6k，五险双休高提成）,2501747,2016-10-24 17:55:11,北京,i/image/M00/50/CD/CgqKkVe1LKSAby9YAAATVSLqxUI426.jpg,金融,底薪6k＋高提成＋五险＋绩效奖金,6k-10k,150-500人,1,成长型(不需要融资),技能培训|专项奖金|带薪年假|绩效奖金,,巨丰投资,0,2188933,,,0,0,0,,,,today,1477302564000,17:55发布,0,陕西巨丰投资资讯有限责任公司北京分公司
153033,3-5年,本科,全职,高级视觉设计师,2501748,2016-10-24 17:55:17,深圳,i/image/M00/65/AD/CgqKkVgIPIKAZIU8AAAQTM6nmPg659.png,"移动互联网,电子商务",发展前景：1.资深设计师 2.带项目团队,18k-25k,50-150人,0,初创型(未融资),,,英思奇,0,6343824,,,0,0,0,,,,disabled,1477302178000,17:55发布,0,深圳市英思奇信息咨询有限公司
107423,3-5年,本科,全职,瓜子二手车-机器学习/数据挖掘,2501749,2016-10-24 17:55:18,北京,i/image/M00/0B/AE/Cgp3O1bWYyOAQo96AAC1TQO-4Cg541.jpg,O2O,瓜子二手车急聘！,20k-40k,2000人以上,0,成长型(A轮),带薪年假|弹性工作|免费班车|美女多,,瓜子二手车直卖网,0,3548181,,,0,0,0,,,,today,1477295324000,17:55发布,0,车好多旧机动车经纪(北京)有限公司
26662,1-3年,大专,全职,数据爬虫工程师,2501750,2016-10-24 17:55:22,杭州,image1/M00/00/38/Cgo8PFTUXKWAU8jOAABlQWkegT8978.jpg,"企业服务,数据服务",双休，五险一金，年底双薪,12k-20k,15-50人,1,初创型(未融资),年底双薪|节日礼物|技能培训|绩效奖金,,和声中国,0,330948,,,0,0,0,,,,disabled,1477292061000,17:55发布,0,北京完美和声信息技术有限公司
152337,3-5年,本科,全职,测试工程师（web测试）,2501751,2016-10-24 17:55:28,上海,i/image/M00/64/AC/Cgp3O1gFycmAI3fQAAALLPmOj1Q728.png,"移动互联网,企业服务",五险一金 专业培训,9k-18k,50-150人,0,成长型(不需要融资),,,陈宇信息,0,6343753,,,0,0,0,,,,disabled,1477301748000,17:55发布,0,成都宸钰信息技术服务有限公司
108719,不限,不限,全职,大客户销售专员,2501752,2016-10-24 17:55:34,广州,i/image/M00/01/0E/Cgp3O1ZesXOAPXAJAAAj6iUrZtc618.png,"电子商务,生活服务","进口水果,专业培训",5k-10k,50-150人,0,初创型(未融资),年底双薪|绩效奖金|三餐补助|弹性工作,,阳光鲜果,0,3399622,,,0,0,0,,,,today,1477302498000,17:55发布,0,广州大起电子商务有限公司
81607,3-5年,大专,全职,市场营销总监,2501753,2016-10-24 17:55:48,上海,image1/M00/35/CC/CgYXBlWctZeACFAGAAAM3I5ge_Q629.jpg?cc=0.7058687950484455,"移动互联网,O2O",弹性工作 扁平管理 领导同事好 薪资福利佳,25k-30k,150-500人,1,成长型(A轮),节日礼物|年底双薪|带薪年假|岗位晋升,,我要运动,0,2075148,,,0,0,0,,,,today,1477302317000,17:55发布,0,上海天健体育科技发展有限公司
267,3-5年,本科,全职,产品经理,2501754,2016-10-24 17:55:53,上海,image1/M00/00/02/Cgo8PFTUV_eAc4b6AABpKYmKeDw774.jpg,"移动互联网,金融",公司班车，免费茶歇，福利好，晋升空间大,15k-20k,500-2000人,1,成熟型(不需要融资),技能培训|俱乐部|婚育礼金|下午茶健身房,,盒子支付,0,153985,,,0,0,0,,,,today,1477301865000,17:55发布,0,深圳盒子支付信息技术有限公司
81108,不限,不限,全职,微信营销（五险双休高提成）,2501755,2016-10-24 17:55:54,北京,i/image/M00/50/CD/CgqKkVe1LKSAby9YAAATVSLqxUI426.jpg,金融,底薪5k＋绩效奖金＋不定期旅游＋补助,5k-8k,150-500人,1,成长型(不需要融资),技能培训|专项奖金|带薪年假|绩效奖金,,巨丰投资,0,2188933,,,0,0,0,,,,today,1477302564000,17:55发布,0,陕西巨丰投资资讯有限责任公司北京分公司
107423,1-3年,本科,全职,瓜子二手车-Python/PHP后台开发,2501756,2016-10-24 17:56:00,北京,i/image/M00/0B/AE/Cgp3O1bWYyOAQo96AAC1TQO-4Cg541.jpg,O2O,弹性工作制 试用期全薪 六险一金,15k-30k,2000人以上,0,成长型(A轮),带薪年假|弹性工作|免费班车|美女多,,瓜子二手车直卖网,0,4317819,,,0,0,0,,,,disabled,1462364887000,17:56发布,0,车好多旧机动车经纪(北京)有限公司
139941,3-5年,本科,全职,产品经理,2501738,2016-10-24 17:54:03,北京,i/image/M00/47/47/Cgp3O1ePDpKAH7TNAAVyeNMWzPw913.png,"电子商务,医疗健康","交通便利,五险一金,弹性工作,带薪年假",10k-20k,150-500人,1,成长型(不需要融资),,,国泰永康大药房有限公司,0,5704750,,,0,0,0,,,,today,1477302652000,17:54发布,0,北京国泰永康大药房有限公司
122370,1-3年,本科,全职,系统开发工程师,2467966,2016-10-24 17:53:38,上海,i/image/M00/1B/53/Cgp3O1b8hmWAIYnfAAKkEBHS8js973.png,"硬件,移动互联网",五险一金 补充公积金 补充医保 弹性工作,8k-10k,2000人以上,0,上市公司,,浦东新区,威盛电子,0,4666970,,,0,0,0,,,张江,disabled,1477300812000,17:53发布,0,威盛电子（上海）有限公司
152340,3-5年,本科,全职,产品经理,2471551,2016-10-24 17:50:14,南京,i/image/M00/63/E8/CgqKkVgEQ0mAHXF2AAD0xXvIvLY428.jpg,"移动互联网,O2O",工资有竞争力 福利齐全 团队氛围轻松,10k-15k,50-150人,0,初创型(天使轮),,雨花台区,长江汇,0,6292757,,,0,0,0,,,安德门,disabled,1477302601000,17:50发布,0,南京长江船服电子商务科技有限公司
90042,1-3年,大专,全职,商家运营专员,2501739,2016-10-24 17:54:07,成都,i/image/M00/33/7E/Cgp3O1dRio-ANay1AAC7hSa8KTU223.jpg,"社交网络,游戏",城市经理,3k-6k,少于15人,1,初创型(未融资),股票期权|带薪年假|岗位晋升|领导好,,若溪科技,0,2325519,,,0,0,0,,,,today,1477301935000,17:54发布,0,成都若溪科技有限公司
4210,5-10年,本科,全职,架构师,1755244,2016-10-24 17:48:58,西安,i/image/M00/0A/EA/Cgp3O1bVQVeAIYLlAAAFpvfzivk147.jpg,"移动互联网,企业服务",七险一金，带薪年假，各种补贴，福利多多,8k-16k,2000人以上,1,上市公司,五险一金|绩效奖金|技能培训|管理规范,高新技术产业开发区,神州信息,0,547470,,,0,0,0,,,,disabled,1477302520000,17:48发布,0,神州数码信息服务股份有限公司
135368,1年以下,大专,全职,销售专员,2005132,2016-10-24 17:51:43,成都,i/image/M00/3A/4D/Cgp3O1do-u2AWT9-AAAkJ1f3Bq4806.jpg,电子商务,领导亲和，福利多，上班时间地点自由,4k-6k,15-50人,0,初创型(未融资),年底双薪|通讯津贴|午餐补助|交通补助,,杭州赛隆电子商务有限公司,0,5415063,,,0,0,0,,,,today,1477302628000,17:51发布,0,杭州赛隆电子商务有限公司
84505,3-5年,本科,全职,B端产品经理,1950350,2016-10-24 17:53:46,北京,image1/M00/3B/8F/Cgo8PFWwuzqAUwWSAAAQ2e7Rk7c250.jpg?cc=0.14400609015830734,移动互联网,带薪年假，五险一金，下午茶，免费健身房,15k-20k,150-500人,0,成长型(不需要融资),节日礼物|带薪年假|管理规范|领导好,朝阳区,赶集网,0,5330772,,,0,0,0,,,姚家园,disabled,1477302688000,17:53发布,0,赶集网（天津）分公司
87597,1-3年,不限,全职,电话销售,2063469,2016-10-24 17:48:41,北京,i/image/M00/03/3B/Cgp3O1awd7SAdLyeAAJsh_QRWpI350.jpg,"O2O,生活服务",五险一金、餐补话补、底薪+高提成、双休,5k-10k,15-50人,1,成长型(A轮),带薪年假|午餐补助|节日礼物|定期体检,朝阳区,秋叶网,0,2240789,,,0,0,0,,,望京|大山子|花家地,today,1477302418000,17:48发布,0,北京夏花时代科技有限公司
107613,1-3年,大专,全职,web前端工程师,1487504,2016-10-24 17:52:19,武汉,i/image/M00/00/AD/Cgp3O1ZStKKAAmNAAAALcMM1n6Q138.png,"教育,移动互联网",足够大的发展空间，全方位成长机会,7k以上,15-50人,0,初创型(未融资),,洪山区,易能教育,0,3268439,,,0,0,0,,,,overSevenDays,1476405882000,17:52发布,0,武汉易能教育科技有限公司
148387,1年以下,大专,全职,Java工程师,2373777,2016-10-24 17:49:35,南宁,i/image/M00/5A/51/Cgp3O1feDKmAF2iMAAAaz9D8fos156.png,"金融,O2O",7小时、双休、股权奖励、福利齐全,4k-6k,15-50人,0,成长型(A轮),年底双薪|绩效奖金|股票期权|岗位晋升,西乡塘区,学信贷,0,1833911,,,0,0,0,,,,today,1477299746000,17:49发布,0,广西学信融经济信息咨询有限公司
139569,1-3年,大专,全职,平面设计师,2112147,2016-10-24 17:50:07,北京,i/image/M00/5B/73/CgqKkVfhCHGAZ1KRAAAYqkb3Ifs733.jpg,"电子商务,移动互联网",五险一金、周末双休、职位晋升,8k-12k,15-50人,0,初创型(未融资),绩效奖金|带薪年假|交通补助|午餐补助,大兴区,麒麟互动,0,5686441,,,0,0,0,,,亦庄,sevenDays,1476955231000,17:50发布,0,麒麟互动（北京）电子商务有限公司
152340,1-3年,大专,全职,BD经理/渠道拓展/线下运营推广,2471574,2016-10-24 17:50:13,南京,i/image/M00/63/E8/CgqKkVgEQ0mAHXF2AAD0xXvIvLY428.jpg,"移动互联网,O2O",工资有竞争力 福利齐全,5k-10k,50-150人,0,初创型(天使轮),,雨花台区,长江汇,0,6292757,,,0,0,0,,,安德门,disabled,1477302601000,17:50发布,0,南京长江船服电子商务科技有限公司
4502,1-3年,本科,全职,技术支持（linux）,495256,2016-10-24 17:52:08,北京,image1/M00/3D/79/CgYXBlW4esGALwfxAAA54wwdGP8713.jpg,"移动互联网,企业服务",六险一金、带薪年假、技术提升、股权激励,7k-10k,50-150人,1,成长型(B轮),年终分红|绩效奖金|年底双薪|股票期权,,世纪鼎点,0,86788,,,0,0,0,,,,today,1477300607000,17:52发布,0,北京世纪鼎点软件有限公司
63582,不限,大专,全职,6K底薪包住饭补高提成电销,2501743,2016-10-24 17:54:44,北京,image2/M00/06/69/CgpzWlX6JEOAXxQ9AAA3tSibHwI631.png,电子商务,高提成无上限,6k-12k,150-500人,1,成长型(B轮),绩效奖金|岗位晋升|五险一金|午餐补助,,易点租,0,6195603,,,0,0,0,,,,disabled,1477296453000,17:54发布,0,北京易点淘网络技术有限公司
29496,不限,本科,全职,Python开发,1415324,2016-10-24 17:52:18,北京,image1/M00/00/41/Cgo8PFTUXMuAeMAuAABAtFBcbOM313.png,"移动互联网,金融",六险一金 补充医疗 自助午餐 奖金补助,10k-20k,150-500人,1,成长型(B轮),13~15薪|晋升空间大|定期体检|能力定薪,朝阳区,闪银奇异,0,3662591,,,0,0,0,,,团结湖|朝阳公园|三里屯,disabled,1477302706000,17:52发布,0,北京闪银奇异科技有限公司
111995,3-5年,本科,全职,COO,2184353,2016-10-24 17:54:36,广州,i/image/M00/03/42/CgqKkVaxt-CASqZYAABRfhGD2Sw159.jpg,"移动互联网,O2O",五险一金、弹性工作制、全民持股,15k-20k,50-150人,0,初创型(未融资),专项奖金|绩效奖金|带薪年假|股票期权,萝岗区,握物流,0,3814694,,,0,0,0,,,,today,1477290705000,17:54发布,0,广州增信信息科技有限公司
71021,3-5年,不限,全职,认证/质量/法规工程师,2367229,2016-10-24 17:51:00,天津,image1/M00/27/CC/Cgo8PFVcOViAbS0KAABS-y516aE451.png,移动互联网,可将简历投至：hr@fairlinkcentury.com,7k-14k,50-150人,1,成长型(A轮),技能培训|股票期权|岗位晋升|扁平管理,,世纪空联,0,1712936,,,0,0,0,,,,today,1477299957000,17:51发布,0,世纪空联（北京）航空电子科技有限公司
22571,1-3年,本科,全职,Java,2412711,2016-10-24 17:49:05,北京,image1/M00/0D/8C/Cgo8PFT4CVCAbj40AABLImQTXNk034.jpg,"移动互联网,电子商务",五险一金；员工旅游；定期体检；绩效奖金,5k-8k,150-500人,1,成熟型(C轮),绩效奖金|专项奖金|五险一金|带薪年假,,北京信通,0,262111,,,0,0,0,,,,disabled,1477302369000,17:49发布,0,北京信通网赢科技发展有限公司
746,1-3年,大专,全职,销售助理（商务专员）,2331304,2016-10-24 17:52:15,深圳,image2/M00/03/EE/CgpzWlXv1RWAfCU1AAEcbl8nlDE401.jpg,广告营销,周末双休 弹性上班 七险一金,4k-6k,150-500人,1,成长型(A轮),节日礼物|年度旅游|岗位晋升|技能培训,福田区,钛铂新媒体,0,5964534,,,0,0,0,,,新洲|石厦,today,1477302325000,17:52发布,0,深圳钛铂新媒体营销股份有限公司
147085,1-3年,大专,全职,客户关怀专员,2416603,2016-10-24 17:51:02,上海,i/image/M00/5E/D4/CgqKkVfs5AuALCLJAAAwnxq26Iw735.jpg,"生活服务,其他",十天年假 年度调薪 技能培训 氛围轻松,4k-6k,15-50人,1,初创型(天使轮),年底双薪|定期体检|绩效奖金|定期团建,普陀区,一诺检测,0,6062641,,,0,0,0,,,长征,sevenDays,1476957215000,17:51发布,0,上海振森汽车服务有限公司
110461,不限,本科,全职,自如管家（月均薪酬8k-10k）晋升快薪酬高文化好,1948850,2016-10-24 17:48:12,深圳,i/image/M00/01/9D/CgqKkVZxL-2AGvB6AAGbZZ_66Oc786.jpg,O2O,发展迅速 简单公平文化 高素质激情活力团队,8k-10k,500-2000人,0,成熟型(不需要融资),年底双薪|绩效奖金|带薪年假|午餐补助,福田区,深圳自如,0,3567835,,,0,0,0,,,竹子林|车公庙|香蜜湖,today,1477302475000,17:48发布,0,深圳自如友家资产管理有限公司
33459,1-3年,大专,全职,商务渠道经理,2260149,2016-10-24 17:53:56,南京,image1/M00/00/4E/CgYXBlTUXP-AAgrRAABpExrHICo528.png,"企业服务,生活服务",有上升空间、靠谱、五险一金、体检、旅游,6k-12k,50-150人,1,初创型(未融资),技能培训|年底双薪|专项奖金|带薪年假,,新希望软件,0,566791,,,0,0,0,,,,today,1477269609000,17:53发布,0,宁波新希望信息技术有限公司
11317,不限,本科,全职,高级UE设计师（建国门）,2379446,2016-10-24 17:53:36,北京,image1/M00/3E/18/Cgo8PFW6zMuAUtu4AAA02B-6fVE006.png,金融,五险一金、1.5h午休、年终奖,15k-25k,2000人以上,1,成熟型(不需要融资),技能培训|年底双薪|带薪年假|绩效奖金,东城区,恒昌利通,0,3462436,,,0,0,0,,,北京站|建国门|花市,today,1477301622000,17:53发布,0,北京恒昌利通投资管理有限公司
148387,应届毕业生,大专,全职,理财顾问,2373815,2016-10-24 17:49:38,南宁,i/image/M00/5A/51/Cgp3O1feDKmAF2iMAAAaz9D8fos156.png,"金融,O2O",7小时、双休、股权奖励、福利齐全,3k-6k,15-50人,0,成长型(A轮),年底双薪|绩效奖金|股票期权|岗位晋升,西乡塘区,学信贷,0,1833911,,,0,0,0,,,,today,1477299746000,17:49发布,0,广西学信融经济信息咨询有限公司
70288,不限,大专,全职,技术支持,2098362,2016-10-24 17:48:09,广州,i/image/M00/2A/AD/Cgp3O1cy2YOAI7iJAADT9ZKwWjI021.jpg,企业服务,公司旅游，带薪年假，五险一金,4k-6k,50-150人,1,成长型(A轮),技能培训|年底双薪|节日礼物|提供住宿,番禺区,保利威视,0,1701048,,,0,0,0,,,大学城,disabled,1477302053000,17:48发布,0,广州易方信息科技有限公司
147085,1-3年,大专,全职,客服专员,2334908,2016-10-24 17:51:03,上海,i/image/M00/5E/D4/CgqKkVfs5AuALCLJAAAwnxq26Iw735.jpg,"生活服务,其他",十天年假 年度调薪 节日福利 技能培训,4k-6k,15-50人,1,初创型(天使轮),年底双薪|定期体检|绩效奖金|定期团建,普陀区,一诺检测,0,6062641,,,0,0,0,,,长征,sevenDays,1476957215000,17:51发布,0,上海振森汽车服务有限公司
90314,1-3年,大专,全职,数据运营,2066038,2016-10-24 17:48:37,北京,image1/M00/43/D4/Cgo8PFXS76SAGcsJAABrsI66kv0141.jpg?cc=0.23249351512640715,移动互联网,美女领导、发展空间大、福利待遇好。,6k-12k,50-150人,0,上市公司,年底双薪|领导好|美女多|帅哥多,海淀区,七麦科技,0,5498360,,,0,0,0,,,中关村|双榆树|双安,today,1477275986000,17:48发布,0,七麦科技
124192,3-5年,本科,全职,COCOS2D-X,2034886,2016-10-24 17:53:15,北京,i/image/M00/54/E5/Cgp3O1fFRZiAOthRAABUxt3Nnp8567.jpg,游戏,年底14薪 岗位晋升,18k-35k,500-2000人,1,成熟型(不需要融资),年底双薪|股票期权|带薪年假|午餐补助,朝阳区,闲徕互娱,0,4673764,,,0,0,0,,,北苑,today,1477302191000,17:53发布,0,北京闲徕互娱网络科技有限公司
8142,不限,不限,全职,网络销售+高薪资+出国旅游,2034376,2016-10-24 17:53:24,广州,image2/M00/03/79/CgpzWlXudPyAIjoxAAAO5Ar9I6c672.jpg,移动互联网,购买五险，专业培训，出国旅游，免费下午茶,5k-10k,500-2000人,1,初创型(未融资),节日礼物|技能培训|年底双薪|专项奖金,天河区,花镇,0,804279,,,0,0,0,,,,today,1477302418000,17:53发布,0,广州罗氏网络科技有限公司
76944,3-5年,本科,全职,产品经理（终端）,1540215,2016-10-24 17:53:10,杭州,i/image/M00/62/AD/CgqKkVf_IdWAGij1AAAOM2gEwOU299.png,"移动互联网,金融",五险一金，期权,15k-20k,150-500人,1,成长型(A轮),节日礼物|年底双薪|带薪年假|绩效奖金,余杭区,铜掌柜,0,1935360,,,0,0,0,,,仓前,today,1477274673000,17:53发布,0,杭州铜米互联网金融服务有限公司
122370,不限,本科,全职,FAE,2281933,2016-10-24 17:53:40,上海,i/image/M00/1B/53/Cgp3O1b8hmWAIYnfAAKkEBHS8js973.png,"硬件,移动互联网",补充公积金 补充医保 年终奖等,6k-8k,2000人以上,0,上市公司,,浦东新区,威盛电子,0,4666970,,,0,0,0,,,张江,disabled,1477300812000,17:53发布,0,威盛电子（上海）有限公司
132562,1-3年,不限,全职,Node.js服务端开发,2276984,2016-10-24 17:51:41,北京,i/image/M00/51/F1/Cgp3O1e6cDuAL3PoAAA3pcww4Xg497.png,数据服务,发展空间 技术大牛 无限零食 娱乐圈,9k-18k,15-50人,1,成长型(A轮),带薪年假|节日礼物|弹性工作|领导好,,topdmc,0,5073444,,,0,0,0,,,,today,1477280136000,17:51发布,0,北京成为科技有限公司
108012,1-3年,大专,全职,文案策划,2501201,2016-10-24 17:48:48,北京,i/image/M00/38/47/CgqKkVdiZBiAAY41AAHi6rKcdhE539.png,"移动互联网,文化娱乐",艺术区办公 咖啡零食 扁平管理 五险一金,6k-9k,50-150人,0,成长型(A轮),绩效奖金|带薪年假|午餐补助|节日礼物,,星发布,0,5159014,,,0,0,0,,,,today,1477302460000,17:48发布,0,北京星发布科技发展有限公司
147085,1-3年,本科,全职,会计,2357464,2016-10-24 17:51:06,上海,i/image/M00/5E/D4/CgqKkVfs5AuALCLJAAAwnxq26Iw735.jpg,"生活服务,其他",10天带薪年假 额外医疗保险 年度团建,4k-6k,15-50人,1,初创型(天使轮),年底双薪|定期体检|绩效奖金|定期团建,普陀区,一诺检测,0,6062641,,,0,0,0,,,长征,sevenDays,1476957215000,17:51发布,0,上海振森汽车服务有限公司
25095,3-5年,本科,全职,销售专员,2478833,2016-10-24 17:50:37,广州,image1/M00/45/D6/CgYXBlXkC1OAF7lkAAAfjPDR5ww315.JPG,"移动互联网,金融","互联网金融,金融,IT,上市公司",5k-10k,50-150人,1,成长型(不需要融资),五险一金|双休|午餐补助|股票期权,海珠区,触通科技,0,326197,,,0,0,0,,,中大|新港|凤阳,today,1477302567000,17:50发布,0,广州市触通软件科技股份有限公司
22571,3-5年,本科,全职,资深IOS/Android开发工程师,2216156,2016-10-24 17:49:08,北京,image1/M00/0D/8C/Cgo8PFT4CVCAbj40AABLImQTXNk034.jpg,"移动互联网,电子商务",五险一金 带薪假期 双休出境游 升职加薪,10k-20k,150-500人,1,成熟型(C轮),绩效奖金|专项奖金|五险一金|带薪年假,,北京信通,0,262111,,,0,0,0,,,,disabled,1477302369000,17:49发布,0,北京信通网赢科技发展有限公司
11317,5-10年,本科,全职,研发经理/总监,1533663,2016-10-24 17:53:35,北京,image1/M00/3E/18/Cgo8PFW6zMuAUtu4AAA02B-6fVE006.png,金融,五险一金、超长午休、补助,30k-45k,2000人以上,1,成熟型(不需要融资),技能培训|年底双薪|带薪年假|绩效奖金,东城区,恒昌利通,0,3462436,,,0,0,0,,,北京站|建国门|花市,today,1477301622000,17:53发布,0,北京恒昌利通投资管理有限公司
107423,1-3年,本科,全职,web前端开发工程师,2087136,2016-10-24 17:53:07,北京,i/image/M00/0B/AE/Cgp3O1bWYyOAQo96AAC1TQO-4Cg541.jpg,O2O,急聘 急聘 急聘,15k-25k,2000人以上,0,成长型(A轮),带薪年假|弹性工作|免费班车|美女多,,瓜子二手车直卖网,0,4951047,,,0,0,0,,,,threeDays,1477061905000,17:53发布,0,车好多旧机动车经纪(北京)有限公司
33364,5-10年,大专,全职,Android驱动工程师,2473697,2016-10-24 17:55:54,深圳,i/image/M00/01/AB/Cgp3O1ZynaGAaQitAAF44Sd0IT0894.png,"移动互联网,O2O",17天带薪春节假,15k-20k,150-500人,1,成长型(A轮),出国旅游|节日礼物|春节带薪年假|股票期权,龙岗区,旺小宝,0,915048,,,0,0,0,,,横岗,today,1477299803000,17:55发布,0,成都国盛天丰网络科技有限公司
7182,应届毕业生,本科,全职,运营储备干部,2277602,2016-10-24 17:48:20,北京,i/image/M00/64/BB/CgqKkVgF3UGAPb02AAAYYWkMwIE292.jpg,教育,五险一金 春节双倍假期 优秀团队,5k-10k,500-2000人,1,成熟型(C轮),绩效奖金|专项奖金|五险一金|带薪年假,朝阳区,尚德机构,0,371879,,,0,0,0,,,来广营|望京,today,1477301436000,17:48发布,0,北京尚佳崇业教育科技有限公司
25576,5-10年,大专,全职,产品经理/支付,2435811,2016-10-24 17:51:09,广州,i/image/M00/18/6E/Cgp3O1bzun2ALs4CAAJHGWlcbcc449.png,"移动互联网,金融",TOP10、空间大、福利棒、培训多元,20k-35k,2000人以上,1,上市公司,节日礼物|带薪年假|年度旅游|定期体检,天河区,团贷网,0,5705174,,,0,0,0,,,珠江新城|岭南|跑马场,today,1477297788000,17:51发布,0,广东俊特团贷网络信息服务股份有限公司
5436,3-5年,本科,全职,产品经理,2300133,2016-10-24 17:52:06,南京,i/image/M00/04/28/Cgp3O1bGtGmAaMWaAAAq7t7JebE096.jpg,"移动互联网,数据服务",参与最有趣产品的设计、股票期权、弹性工作,12k-24k,50-150人,1,成长型(A轮),股票期权|五险一金|节日礼物|岗位晋升,玄武区,公平价,0,54642,,,0,0,0,,,,today,1477302672000,17:52发布,0,南京价公信息技术有限公司
4210,5-10年,本科,全职,高级咨询师,1755367,2016-10-24 17:48:56,西安,i/image/M00/0A/EA/Cgp3O1bVQVeAIYLlAAAFpvfzivk147.jpg,"移动互联网,企业服务",七险一金，带薪年假，各种补贴，福利多多,8k-16k,2000人以上,1,上市公司,五险一金|绩效奖金|技能培训|管理规范,高新技术产业开发区,神州信息,0,547470,,,0,0,0,,,,disabled,1477302520000,17:48发布,0,神州数码信息服务股份有限公司
16779,3-5年,大专,全职,Java高级软件工程师,1252301,2016-10-24 17:48:46,北京,image1/M00/00/1F/Cgo8PFTUWGuABbguAACMonD2tdU868.png,金融,薪资福利好，发展空间大，扁平化管理,12k-20k,500-2000人,1,成熟型(不需要融资),技能培训|带薪年假|扁平管理|领导好,朝阳区,中信网科,0,1684918,,,0,0,0,,,北苑|立水桥,today,1477302511000,17:48发布,0,中信网络科技股份有限公司
122370,不限,硕士,全职,Linux驱动工程师,2281196,2016-10-24 17:53:42,上海,i/image/M00/1B/53/Cgp3O1b8hmWAIYnfAAKkEBHS8js973.png,"硬件,移动互联网",补充公积金 补充医保 绩效奖 年终奖,12k-20k,2000人以上,0,上市公司,,浦东新区,威盛电子,0,4666970,,,0,0,0,,,张江,disabled,1477300812000,17:53发布,0,威盛电子（上海）有限公司
46854,不限,大专,全职,商务助理（可考虑优秀应届生）,2501757,2016-10-24 17:56:32,广州,image1/M00/00/78/Cgo8PFTUXbOADCePAABGiLZDnKs891.png,"移动互联网,数据服务",五险一金、双休、月集体活动,4k-6k,50-150人,1,初创型(未融资),节假日福利|年度旅游|岗位晋升|人性化,,佰锐科技,0,3678498,,,0,0,0,,,,today,1477302458000,17:56发布,0,广州佰锐网络科技有限公司
135368,1-3年,大专,全职,销售专员,2005233,2016-10-24 17:51:14,杭州,i/image/M00/3A/4D/Cgp3O1do-u2AWT9-AAAkJ1f3Bq4806.jpg,电子商务,领导亲和，福利多，上班时间地点自由,4k-6k,15-50人,0,初创型(未融资),年底双薪|通讯津贴|午餐补助|交通补助,,杭州赛隆电子商务有限公司,0,5415063,,,0,0,0,,,,today,1477302628000,17:51发布,0,杭州赛隆电子商务有限公司
101010,1-3年,本科,全职,Java高级开发工程师,2339058,2016-10-24 17:49:51,上海,i/image/M00/00/55/CgqKkVZBx7yAaiPoAAKeFSYDvQQ561.jpg,"移动互联网,O2O",可带宠物上班 五险一金 员工旅游,15k-25k,15-50人,1,成长型(A轮),节日礼物|年底双薪|股票期权|带薪年假,徐汇区,小狗在家,0,6071240,,,0,0,0,,,漕河泾,overSevenDays,1476167707000,17:49发布,0,上海胖球信息科技有限公司
122370,应届毕业生,本科,实习,软件测试工程师（实习生岗）,2290131,2016-10-24 17:53:36,上海,i/image/M00/1B/53/Cgp3O1b8hmWAIYnfAAKkEBHS8js973.png,"硬件,移动互联网",五险一金 补充公积金 补充医疗 定期体检,3k-4k,2000人以上,0,上市公司,,浦东新区,威盛电子,0,4666970,,,0,0,0,,,张江,disabled,1477300812000,17:53发布,0,威盛电子（上海）有限公司
90314,1-3年,大专,全职,微信运营,2344574,2016-10-24 17:48:28,北京,image1/M00/43/D4/Cgo8PFXS76SAGcsJAABrsI66kv0141.jpg?cc=0.23249351512640715,移动互联网,"工作氛围好,年轻有活力,丰富下午茶,美女领导",6k-12k,50-150人,0,上市公司,年底双薪|领导好|美女多|帅哥多,海淀区,七麦科技,0,5498360,,,0,0,0,,,中关村|双榆树|双安,today,1477275986000,17:48发布,0,七麦科技
36141,1-3年,本科,全职,PHP开发,359158,2016-10-24 17:51:43,广州,image1/M00/00/56/Cgo8PFTUXSSAXc90AABQQjPvfJQ289.jpg,"移动互联网,教育",12%公积金+免费午餐+活力团队+优越办公环境,8k-12k,150-500人,1,成长型(不需要融资),节日礼物|带薪年假|年度旅游|五险一金,天河区,广东东田教育集团有限公司,0,632281,,,0,0,0,,,跑马场|珠江新城|猎德,today,1477302675000,17:51发布,0,广东东田教育集团有限公司
25576,1-3年,本科,全职,高级活动策划,2435321,2016-10-24 17:51:06,东莞,i/image/M00/18/6E/Cgp3O1bzun2ALs4CAAJHGWlcbcc449.png,"移动互联网,金融",TOP10、东莞NO.1、空间大、五险一金,7k-12k,2000人以上,1,上市公司,节日礼物|带薪年假|年度旅游|定期体检,东莞市市辖区,团贷网,0,5755958,,,0,0,0,,,,overSevenDays,1475920528000,17:51发布,0,广东俊特团贷网络信息服务股份有限公司
33459,1-3年,本科,全职,市场经理,2405626,2016-10-24 17:53:58,南京,image1/M00/00/4E/CgYXBlTUXP-AAgrRAABpExrHICo528.png,"企业服务,生活服务","五险一金,认真做事,团队旅游,有上升空间",5k-8k,50-150人,1,初创型(未融资),技能培训|年底双薪|专项奖金|带薪年假,建邺区,新希望软件,0,566791,,,0,0,0,,,沙洲|小行|赛虹桥,today,1477269609000,17:53发布,0,宁波新希望信息技术有限公司
59973,5-10年,本科,全职,.NET工程师（高级）,2377467,2016-10-24 17:55:24,成都,image1/M00/18/29/CgYXBlUTuAyAH5DxAAB_XqrTjHc783.jpg,"移动互联网,电子商务",待遇丰厚，外加项目奖,8k-15k,50-150人,1,成长型(不需要融资),技能培训|绩效奖金|年度旅游|岗位晋升,高新区,联友电讯,0,106427,,,0,0,0,,,神仙树|创业路|紫荆,today,1477272828000,17:55发布,0,四川联友电讯技术有限公司
4502,不限,本科,全职,linux运维,1490685,2016-10-24 17:52:14,北京,image1/M00/3D/79/CgYXBlW4esGALwfxAAA54wwdGP8713.jpg,"移动互联网,企业服务",六险一金、带薪年假、技术提升、股权激励,7k-14k,50-150人,1,成长型(B轮),年终分红|绩效奖金|年底双薪|股票期权,,世纪鼎点,0,86788,,,0,0,0,,,,today,1477300607000,17:52发布,0,北京世纪鼎点软件有限公司
33459,不限,不限,全职,市场专员,2405633,2016-10-24 17:53:57,南京,image1/M00/00/4E/CgYXBlTUXP-AAgrRAABpExrHICo528.png,"企业服务,生活服务","五险一金,踏实做事,有上升空间,团队旅游",3k-5k,50-150人,1,初创型(未融资),技能培训|年底双薪|专项奖金|带薪年假,建邺区,新希望软件,0,566791,,,0,0,0,,,沙洲|小行|赛虹桥,today,1477269609000,17:53发布,0,宁波新希望信息技术有限公司
43016,1-3年,大专,全职,销售支持(003444),2373378,2016-10-24 17:53:15,苏州,image2/M00/04/92/CgpzWlXySBqAQsm0AACqIAvx5NQ164.png,"电子商务,O2O",平台大、晋升快,3k-5k,2000人以上,1,成熟型(C轮),技能培训|节日礼物|绩效奖金|岗位晋升,姑苏区,美菜网,0,4844798,,,0,0,0,,,,disabled,1477302600000,17:53发布,0,北京云杉世界信息技术有限公司
25576,5-10年,本科,全职,内容运营经理,2435331,2016-10-24 17:51:07,东莞,i/image/M00/18/6E/Cgp3O1bzun2ALs4CAAJHGWlcbcc449.png,"移动互联网,金融",TOP10、东莞NO.1、空间大、五险一金,15k-20k,2000人以上,1,上市公司,节日礼物|带薪年假|年度旅游|定期体检,,团贷网,0,5755958,,,0,0,0,,,,overSevenDays,1475920528000,17:51发布,0,广东俊特团贷网络信息服务股份有限公司
25322,3-5年,本科,全职,测试工程师,2501697,2016-10-24 17:48:46,福州,image1/M00/44/54/CgYXBlXVQ6aAGXrAAABY2xXSS8I163.png,"移动互联网,数据服务",福利待遇好,6k-12k,2000人以上,1,成熟型(不需要融资),年底双薪|技能培训|免费班车|带薪年假,,亚信,0,4988746,,,0,0,0,,,,today,1477302442000,17:48发布,0,亚信科技（中国）有限公司
135368,1-3年,大专,全职,销售专员,2005256,2016-10-24 17:51:24,长沙,i/image/M00/3A/4D/Cgp3O1do-u2AWT9-AAAkJ1f3Bq4806.jpg,电子商务,领导亲和，福利多，上班时间地点自由,4k-6k,15-50人,0,初创型(未融资),年底双薪|通讯津贴|午餐补助|交通补助,,杭州赛隆电子商务有限公司,0,5415063,,,0,0,0,,,,today,1477302628000,17:51发布,0,杭州赛隆电子商务有限公司
117503,1-3年,大专,全职,财务出纳,2498825,2016-10-24 17:53:28,上海,i/image/M00/0C/16/Cgp3O1bWvc-ALtYZAAAiCNphugQ078.png,"移动互联网,教育",五险一金、交通补助、餐补、定期聚餐,4k-6k,15-50人,0,初创型(天使轮),技能培训|午餐补助|扁平管理,,图表家,0,4313412,,,0,0,0,,,,disabled,1477290780000,17:53发布,0,上海向右网络科技有限公司
25576,1-3年,本科,全职,高级文案策划,2435342,2016-10-24 17:51:08,东莞,i/image/M00/18/6E/Cgp3O1bzun2ALs4CAAJHGWlcbcc449.png,"移动互联网,金融",TOP10、东莞NO.1、空间大、五险一金,6k-10k,2000人以上,1,上市公司,节日礼物|带薪年假|年度旅游|定期体检,东莞市市辖区,团贷网,0,5755958,,,0,0,0,,,,overSevenDays,1475920528000,17:51发布,0,广东俊特团贷网络信息服务股份有限公司
132435,1-3年,不限,全职,婚庆网络客服,2305807,2016-10-24 17:53:25,重庆,i/image/M00/32/12/CgqKkVdNMS6AMeSJAAAWTyH82OA568.jpg,生活服务,团队旅游+生日福利+年终奖+公司利润分红,4k-8k,少于15人,1,初创型(天使轮),年底双薪|专项奖金|股票期权|绩效奖金,,Tell Love求婚策划公司,0,5230049,,,0,0,0,,,,overSevenDays,1476696026000,17:53发布,0,重庆爱之名文化传播有限公司
87597,1-3年,不限,全职,购墓顾问,2047192,2016-10-24 17:48:03,北京,i/image/M00/03/3B/Cgp3O1awd7SAdLyeAAJsh_QRWpI350.jpg,"O2O,生活服务",五险一金、餐补话补、底薪+高提成、双休,5k-10k,15-50人,1,成长型(A轮),带薪年假|午餐补助|节日礼物|定期体检,朝阳区,秋叶网,0,2240789,,,0,0,0,,,望京|大山子|花家地,today,1477302418000,17:48发布,0,北京夏花时代科技有限公司
140033,1-3年,大专,全职,测试工程师,2303257,2016-10-24 17:50:11,北京,i/image/M00/47/66/CgqKkVePQbKAAkBVAAA9bKilxpk300.png,移动互联网,五险一金、饭补、节日福利,8k-10k,500-2000人,0,上市公司,,海淀区,北京联合永道软件股份有限公司,0,5289898,,,0,0,0,,,,disabled,1477299453000,17:50发布,0,北京联合永道软件股份有限公司
135368,1-3年,大专,全职,销售专员,2005274,2016-10-24 17:51:36,衢州,i/image/M00/3A/4D/Cgp3O1do-u2AWT9-AAAkJ1f3Bq4806.jpg,电子商务,领导亲和，福利多，上班时间地点自由,4k-6k,15-50人,0,初创型(未融资),年底双薪|通讯津贴|午餐补助|交通补助,,杭州赛隆电子商务有限公司,0,5415063,,,0,0,0,,,,today,1477302628000,17:51发布,0,杭州赛隆电子商务有限公司
17131,5-10年,本科,全职,运营经理,2341153,2016-10-24 17:54:49,深圳,image1/M00/38/0C/Cgo8PFWkpniAEUh_AAA9OYb2_sE890.jpg,电子商务,"双休,地铁口附近,上市公司,团队完善",10k-15k,150-500人,1,上市公司,绩效奖金|带薪年假|节日礼物|五险一金,福田区,康美（深圳）电子商务有限公司,0,198671,,,0,0,0,,,岗厦|福华新村|莲花三村,today,1477279648000,17:54发布,0,康美（深圳）电子商务有限公司
45315,不限,不限,全职,实验室工程师（系统工程师）,2501715,2016-10-24 17:50:25,上海,i/image/M00/55/E7/CgqKkVfI-TCASto2AAAkti9lEj0921.jpg,金融,福利待遇，发展前景,10k-15k,500-2000人,1,成熟型(不需要融资),技能培训|节日礼物|专项奖金|带薪年假,,快钱,0,1758284,,,0,0,0,,,,disabled,1477301817000,17:50发布,0,快钱支付清算信息有限公司
26662,1-3年,大专,全职,COCOS2D-X客户端开发,2438435,2016-10-24 17:54:36,广州,image1/M00/00/38/Cgo8PFTUXKWAU8jOAABlQWkegT8978.jpg,"企业服务,数据服务",双休，五险一金，,12k-20k,15-50人,1,初创型(未融资),年底双薪|节日礼物|技能培训|绩效奖金,,和声中国,0,330948,,,0,0,0,,,,disabled,1477292061000,17:54发布,0,北京完美和声信息技术有限公司
114889,3-5年,本科,全职,JAVA开发工程师,1569722,2016-10-24 17:48:24,深圳,i/image/M00/5D/F3/Cgp3O1fp0ZCAY5xHAAATI6YVfvQ742.jpg,"电子商务,金融",年终奖金、团队气氛融洽、工作环境高大上,12k-20k,150-500人,0,成长型(不需要融资),年底双薪|午餐补助|带薪年假|绩效奖金,南山区,宜保通保险,0,1607858,,,0,0,0,,,,today,1477301356000,17:48发布,0,深圳市宜保通保险销售有限公司
132435,1-3年,大专,全职,互联网客服,2439979,2016-10-24 17:53:25,重庆,i/image/M00/32/12/CgqKkVdNMS6AMeSJAAAWTyH82OA568.jpg,生活服务,"工作有趣,年终奖,补贴,人才多",3k-6k,少于15人,1,初创型(天使轮),年底双薪|专项奖金|股票期权|绩效奖金,渝中区,Tell Love求婚策划公司,0,5230049,,,0,0,0,,,大坪|谢家湾|鹅岭,overSevenDays,1476696026000,17:53发布,0,重庆爱之名文化传播有限公司
108012,1-3年,大专,全职,大客户销售广告销售,2479211,2016-10-24 17:49:55,北京,i/image/M00/38/47/CgqKkVdiZBiAAY41AAHi6rKcdhE539.png,"移动互联网,文化娱乐",艺术区办公 扁平管理 工时灵活 五险一金,7k-14k,50-150人,0,成长型(A轮),绩效奖金|带薪年假|午餐补助|节日礼物,,星发布,0,5249999,,,0,0,0,,,,disabled,1477302541000,17:49发布,0,北京星发布科技发展有限公司
16779,3-5年,本科,全职,Java开发工程师,1793848,2016-10-24 17:48:49,深圳,image1/M00/00/1F/Cgo8PFTUWGuABbguAACMonD2tdU868.png,金融,薪资福利待遇好，发展空间大,10k-20k,500-2000人,1,成熟型(不需要融资),技能培训|带薪年假|扁平管理|领导好,南山区,中信网科,0,1684918,,,0,0,0,,,科技园|科技园|大冲,today,1477302511000,17:48发布,0,中信网络科技股份有限公司
148387,1-3年,本科,全职,技术经理,2373757,2016-10-24 17:49:31,南宁,i/image/M00/5A/51/Cgp3O1feDKmAF2iMAAAaz9D8fos156.png,"金融,O2O",股权奖励、7小时、双休、年底奖金,8k-12k,15-50人,0,成长型(A轮),年底双薪|绩效奖金|股票期权|岗位晋升,西乡塘区,学信贷,0,1833911,,,0,0,0,,,,today,1477299746000,17:49发布,0,广西学信融经济信息咨询有限公司
71021,1-3年,不限,全职,航电工程师,2367199,2016-10-24 17:51:08,天津,image1/M00/27/CC/Cgo8PFVcOViAbS0KAABS-y516aE451.png,移动互联网,可将简历投至：hr@fairlinkcentury.com,8k-14k,50-150人,1,成长型(A轮),技能培训|股票期权|岗位晋升|扁平管理,,世纪空联,0,1712936,,,0,0,0,,,,today,1477299957000,17:51发布,0,世纪空联（北京）航空电子科技有限公司
132435,1-3年,大专,全职,网络销售顾问,2439996,2016-10-24 17:53:25,重庆,i/image/M00/32/12/CgqKkVdNMS6AMeSJAAAWTyH82OA568.jpg,生活服务,"年终奖,发展潜力大,补贴,晋升空间大",3k-6k,少于15人,1,初创型(天使轮),年底双薪|专项奖金|股票期权|绩效奖金,渝中区,Tell Love求婚策划公司,0,5230049,,,0,0,0,,,大坪|谢家湾|鹅岭,overSevenDays,1476696026000,17:53发布,0,重庆爱之名文化传播有限公司
25576,1-3年,本科,全职,粉丝运营,2426685,2016-10-24 17:52:47,东莞,i/image/M00/18/6E/Cgp3O1bzun2ALs4CAAJHGWlcbcc449.png,"移动互联网,金融",TOP10、东莞NO.1、空间大、五险一金,8k-12k,2000人以上,1,上市公司,节日礼物|带薪年假|年度旅游|定期体检,东莞市市辖区,团贷网,0,5767413,,,0,0,0,,,,overSevenDays,1476670699000,17:52发布,0,广东俊特团贷网络信息服务股份有限公司
27353,5-10年,本科,全职,VR硬件工程师,2144062,2016-10-24 17:48:14,深圳,i/image/M00/3B/CE/CgqKkVds16eATvFUAAB-0gBl5WQ063.jpg,移动互联网,挑战 创新 发展空间大,10k-20k,150-500人,1,成长型(A轮),年底双薪|节日礼物|专项奖金|带薪年假,,理想境界,0,1366600,,,0,0,0,,,,today,1477302445000,17:48发布,0,成都理想境界科技有限公司
25095,5-10年,本科,全职,技术副总监,2155232,2016-10-24 17:50:38,广州,image1/M00/45/D6/CgYXBlXkC1OAF7lkAAAfjPDR5ww315.JPG,"移动互联网,金融",双休 五险一金 午餐补贴 带薪年假 团队活动,15k-25k,50-150人,1,成长型(不需要融资),五险一金|双休|午餐补助|股票期权,海珠区,触通科技,0,326197,,,0,0,0,,,中大|新港|凤阳,today,1477302567000,17:50发布,0,广州市触通软件科技股份有限公司
97696,3-5年,大专,全职,财务,2501699,2016-10-24 17:48:55,上海,i/image/M00/02/1B/CgqKkVaCSsmAO7LTAADfS5Rbs0M854.jpg,"移动互联网,O2O",弹性工作 年轻团队 晋升空间大,5k-8k,15-50人,0,初创型(不需要融资),带薪年假|绩效奖金|五险一金|弹性工作,,易勤,0,2669401,,,0,0,0,,,,today,1477300280000,17:48发布,0,effice爱办公
25576,1-3年,本科,全职,粉丝运营,2426695,2016-10-24 17:52:46,广州,i/image/M00/18/6E/Cgp3O1bzun2ALs4CAAJHGWlcbcc449.png,"移动互联网,金融",TOP10、空间大、福利棒、培训多元,10k-15k,2000人以上,1,上市公司,节日礼物|带薪年假|年度旅游|定期体检,天河区,团贷网,0,5767413,,,0,0,0,,,沙河,overSevenDays,1476670699000,17:52发布,0,广东俊特团贷网络信息服务股份有限公司
33364,1-3年,本科,全职,产品运营,2444104,2016-10-24 17:55:55,成都,i/image/M00/01/AB/Cgp3O1ZynaGAaQitAAF44Sd0IT0894.png,"移动互联网,O2O",五险一金 出国机会 绩效奖金 专业培训,6k-8k,150-500人,1,成长型(A轮),出国旅游|节日礼物|春节带薪年假|股票期权,高新区,旺小宝,0,915048,,,0,0,0,,,,today,1477299803000,17:55发布,0,成都国盛天丰网络科技有限公司
101010,1-3年,本科,全职,内容运营,2384829,2016-10-24 17:50:01,上海,i/image/M00/00/55/CgqKkVZBx7yAaiPoAAKeFSYDvQQ561.jpg,"移动互联网,O2O",可带宠物上班 五险一金 快速发展 空间大,6k-12k,15-50人,1,成长型(A轮),节日礼物|年底双薪|股票期权|带薪年假,徐汇区,小狗在家,0,2845669,,,0,0,0,,,田林|漕河泾|漕宝路,today,1477302587000,17:50发布,0,上海胖球信息科技有限公司
40729,3-5年,本科,全职,直播运营经理,1771855,2016-10-24 17:52:26,上海,i/image/M00/0B/F9/CgqKkVbWpG2AEYLtAAPuXenmYAU056.png,"移动互联网,社交网络",上班不打卡 氛围轻松,12k-20k,15-50人,1,成长型(A轮),节日礼物|带薪年假|年度旅游|扁平管理,虹口区,Rela热拉-拉拉交友APP,0,752892,,,0,0,0,,,四川北路|四川北路|海宁路|七浦路,today,1477280897000,17:52发布,0,上海初生网络科技有限公司
139569,3-5年,大专,全职,网店运营,2112227,2016-10-24 17:50:07,北京,i/image/M00/5B/73/CgqKkVfhCHGAZ1KRAAAYqkb3Ifs733.jpg,"电子商务,移动互联网",五险一金、周末双休、职位晋升,8k-15k,15-50人,0,初创型(未融资),绩效奖金|带薪年假|交通补助|午餐补助,大兴区,麒麟互动,0,5686441,,,0,0,0,,,亦庄,sevenDays,1476955231000,17:50发布,0,麒麟互动（北京）电子商务有限公司
114889,1-3年,本科,全职,中级Java工程师,2286747,2016-10-24 17:48:25,深圳,i/image/M00/5D/F3/Cgp3O1fp0ZCAY5xHAAATI6YVfvQ742.jpg,"电子商务,金融",年终奖金、团队气氛融洽、工作环境高大上,6k-10k,150-500人,0,成长型(不需要融资),年底双薪|午餐补助|带薪年假|绩效奖金,南山区,宜保通保险,0,1607858,,,0,0,0,,,,today,1477301356000,17:48发布,0,深圳市宜保通保险销售有限公司
147085,1-3年,大专,全职,销售经理,2441047,2016-10-24 17:51:05,上海,i/image/M00/5E/D4/CgqKkVfs5AuALCLJAAAwnxq26Iw735.jpg,"生活服务,其他",十天带薪年假 补充医疗保险 绩效提成,6k-10k,15-50人,1,初创型(天使轮),年底双薪|定期体检|绩效奖金|定期团建,普陀区,一诺检测,0,6062641,,,0,0,0,,,长征,sevenDays,1476957215000,17:51发布,0,上海振森汽车服务有限公司
58196,1-3年,大专,全职,财务助理,2471259,2016-10-24 17:51:33,北京,i/image/M00/03/83/Cgp3O1bAVWyADeCyAAI-GqfNAag473.png,旅游,学习机会多、五险一金、饭补和免费水果,5k-10k,50-150人,1,成长型(A轮),股票期权|年度旅游|扁平管理|领导好,朝阳区,初趣旅行,0,1468314,,,0,0,0,,,望京,today,1477302684000,17:51发布,0,北京初趣科技有限公司
25576,1-3年,大专,全职,APP推广专员,2367525,2016-10-24 17:50:57,东莞,i/image/M00/18/6E/Cgp3O1bzun2ALs4CAAJHGWlcbcc449.png,"移动互联网,金融",TOP10、东莞NO.1、空间大、五险一金,8k-12k,2000人以上,1,上市公司,节日礼物|带薪年假|年度旅游|定期体检,东莞市市辖区,团贷网,0,5767412,,,0,0,0,,,,disabled,1476412974000,17:50发布,0,广东俊特团贷网络信息服务股份有限公司
25576,5-10年,大专,全职,产品经理/支付,2435813,2016-10-24 17:51:13,深圳,i/image/M00/18/6E/Cgp3O1bzun2ALs4CAAJHGWlcbcc449.png,"移动互联网,金融",TOP10、空间大、福利棒、班车,20k-35k,2000人以上,1,上市公司,节日礼物|带薪年假|年度旅游|定期体检,南山区,团贷网,0,5705174,,,0,0,0,,,科技园|南山医院|大冲,today,1477297788000,17:51发布,0,广东俊特团贷网络信息服务股份有限公司
25322,3-5年,本科,全职,系统工程师,2501691,2016-10-24 17:48:08,北京,image1/M00/44/54/CgYXBlXVQ6aAGXrAAABY2xXSS8I163.png,"移动互联网,数据服务",福利待遇好,8k-16k,2000人以上,1,成熟型(不需要融资),年底双薪|技能培训|免费班车|带薪年假,,亚信,0,4988746,,,0,0,0,,,,today,1477302442000,17:48发布,0,亚信科技（中国）有限公司
101015,不限,大专,全职,销售经理,2470308,2016-10-24 17:50:18,广州,image2/M00/0D/B7/CgqLKVYgjL6AWOEdAABrNg9INtQ340.jpg?cc=0.33839471032842994,"金融,招聘",企业培训、带薪假期、福利待遇、五险一金,5k-8k,2000人以上,0,成熟型(不需要融资),节日礼物|年底双薪|专项奖金|带薪年假,海珠区,友信,0,6285206,,,0,0,0,,,江南大道|岭南,today,1477302164000,17:50发布,0,友众信业金融信息服务（上海）有限公司广州分公司
5436,1-3年,本科,全职,机器学习/深度学习,2238821,2016-10-24 17:52:07,成都,i/image/M00/04/28/Cgp3O1bGtGmAaMWaAAAq7t7JebE096.jpg,"移动互联网,数据服务",与大牛的开放分享、对技术的专注、优厚薪资,15k-25k,50-150人,1,成长型(A轮),股票期权|五险一金|节日礼物|岗位晋升,武侯区,公平价,0,54642,,,0,0,0,,,华阳,today,1477302672000,17:52发布,0,南京价公信息技术有限公司
38059,3-5年,大专,全职,高级Java工程师,2332519,2016-10-24 17:48:44,上海,i/image/M00/02/B4/Cgp3O1aYkTCAXUqcAAAbd1LXO7U460.jpg,数据服务,提升空间大+扁平化管理,12k-24k,50-150人,1,上市公司,股票期权|带薪年假|绩效奖金|岗位晋升,浦东新区,派拉软件,0,683797,,,0,0,0,,,,disabled,1477302335000,17:48发布,0,上海派拉软件股份有限公司
746,1-3年,大专,全职,运营专员（微博、微信）,2271087,2016-10-24 17:52:15,深圳,image2/M00/03/EE/CgpzWlXv1RWAfCU1AAEcbl8nlDE401.jpg,广告营销,周末双休 七险一金 成长空间,4k-8k,150-500人,1,成长型(A轮),节日礼物|年度旅游|岗位晋升|技能培训,福田区,钛铂新媒体,0,5964534,,,0,0,0,,,新洲|石厦,today,1477302325000,17:52发布,0,深圳钛铂新媒体营销股份有限公司
117503,不限,本科,实习,实习编辑,1621361,2016-10-24 17:53:37,上海,i/image/M00/0C/16/Cgp3O1bWvc-ALtYZAAAiCNphugQ078.png,"移动互联网,教育",饭补、交通补助，投资技能培训,2k-3k,15-50人,0,初创型(天使轮),技能培训|午餐补助|扁平管理,浦东新区,图表家,0,4313412,,,0,0,0,,,东方路|潍坊|八佰伴,disabled,1477290780000,17:53发布,0,上海向右网络科技有限公司
69858,1-3年,本科,全职,BD商务渠道经理（北京，农业背景优先）,2473849,2016-10-24 17:50:30,北京,image1/M00/35/77/CgYXBlWbsAuAZrjVAAAf-OUfHZo324.jpg,"移动互联网,金融",盈利模式简单清晰，和牛人共事，有提成,8k-15k,15-50人,1,初创型(天使轮),专项奖金|股票期权|扁平管理|领导好,,天气宝,0,1690933,,,0,0,0,,,,today,1477302712000,17:50发布,0,武汉低温宝信息有限公司
118510,1-3年,本科,全职,ETL开发工程师,2445178,2016-10-24 17:49:28,杭州,i/image/M00/10/D1/Cgp3O1bgzfaAO3fXAAKcZvpkTfs077.jpg,其他,福利待遇优厚，发展前景巨大,12k-18k,500-2000人,0,上市公司,,下沙,四季沐歌集团,0,4441920,,,0,0,0,,,白杨|下沙,today,1477280836000,17:49发布,0,北京四季沐歌太阳能技术集团有限公司
40729,3-5年,本科,全职,Android开发工程师,862075,2016-10-24 17:52:26,上海,i/image/M00/0B/F9/CgqKkVbWpG2AEYLtAAPuXenmYAU056.png,"移动互联网,社交网络",期权鼓励，弹性工作，领导好，五险一金,15k-25k,15-50人,1,成长型(A轮),节日礼物|带薪年假|年度旅游|扁平管理,虹口区,Rela热拉-拉拉交友APP,0,752892,,,0,0,0,,,四川北路,today,1477280897000,17:52发布,0,上海初生网络科技有限公司
6974,5-10年,本科,全职,项目经理/项目副总监,2425724,2016-10-24 17:52:43,上海,image1/M00/1C/20/CgYXBlUkzhWADyqcAACJi6Ygmds686.jpg,"移动互联网,金融",互联网金融,12k-20k,500-2000人,1,上市公司,绩效奖金|专项奖金|五险一金|带薪年假,徐汇区,平安金融科技,0,5186800,,,0,0,0,,,龙华|上海体育场|日晖,disabled,1477302557000,17:52发布,0,深圳平安金融科技咨询有限公司上海分公司
62271,1-3年,本科,全职,风控专员,2466687,2016-10-24 17:49:17,杭州,i/image/M00/28/43/CgqKkVcqoCKARgYqAAAQUJPJVkg652.png,金融,广大的市场前景 新金融事业,6k-12k,50-150人,1,成长型(A轮),Bat薪资|提供住宿|10%期权池|五险一金,西湖区,信鸽金服,0,1559669,,,0,0,0,,,,today,1477302221000,17:49发布,0,杭州信鸽金融信息服务股份有限公司
77327,1-3年,本科,全职,出纳,1463682,2016-10-24 17:51:58,杭州,i/image/M00/01/70/Cgp3O1ZqkjKAG7xGAAAYSW-RLws814.png,移动互联网,高薪+好环境+期权,4k-6k,50-150人,1,初创型(天使轮),股票期权|带薪年假|绩效奖金|五险一金,,美眉分期,0,1945895,,,0,0,0,,,,today,1477300633000,17:51发布,0,杭州优呗网络科技有限公司
139569,3-5年,大专,全职,文案策划,2112253,2016-10-24 17:50:07,北京,i/image/M00/5B/73/CgqKkVfhCHGAZ1KRAAAYqkb3Ifs733.jpg,"电子商务,移动互联网",五险一金、周末双休、职位晋升,8k-15k,15-50人,0,初创型(未融资),绩效奖金|带薪年假|交通补助|午餐补助,大兴区,麒麟互动,0,5686441,,,0,0,0,,,亦庄,sevenDays,1476955231000,17:50发布,0,麒麟互动（北京）电子商务有限公司
43016,3-5年,大专,全职,销售主管(003463),2388357,2016-10-24 17:53:27,苏州,image2/M00/04/92/CgpzWlXySBqAQsm0AACqIAvx5NQ164.png,"电子商务,O2O",平台大、晋升快,10k-15k,2000人以上,1,成熟型(C轮),技能培训|节日礼物|绩效奖金|岗位晋升,姑苏区,美菜网,0,4844798,,,0,0,0,,,,disabled,1477302600000,17:53发布,0,北京云杉世界信息技术有限公司
118510,1-3年,不限,全职,数据仓库工程师,2445191,2016-10-24 17:49:28,杭州,i/image/M00/10/D1/Cgp3O1bgzfaAO3fXAAKcZvpkTfs077.jpg,其他,福利待遇优厚，,12k-18k,500-2000人,0,上市公司,,下沙,四季沐歌集团,0,4441920,,,0,0,0,,,白杨|下沙,today,1477280836000,17:49发布,0,北京四季沐歌太阳能技术集团有限公司
71021,不限,本科,全职,Java后端研发工程师,2071433,2016-10-24 17:50:54,天津,image1/M00/27/CC/Cgo8PFVcOViAbS0KAABS-y516aE451.png,移动互联网,可将简历投至：hr@fairlinkcentury.com,6k-12k,50-150人,1,成长型(A轮),技能培训|股票期权|岗位晋升|扁平管理,,世纪空联,0,1712936,,,0,0,0,,,,today,1477299957000,17:50发布,0,世纪空联（北京）航空电子科技有限公司
25576,3-5年,本科,全职,APP运营主管,2426769,2016-10-24 17:52:44,广州,i/image/M00/18/6E/Cgp3O1bzun2ALs4CAAJHGWlcbcc449.png,"移动互联网,金融",TOP10、空间大、福利棒、培训多元,15k-20k,2000人以上,1,上市公司,节日礼物|带薪年假|年度旅游|定期体检,天河区,团贷网,0,5767413,,,0,0,0,,,沙河,overSevenDays,1476670699000,17:52发布,0,广东俊特团贷网络信息服务股份有限公司
71021,1-3年,本科,全职,软件开发测试工程师,2383939,2016-10-24 17:51:13,天津,image1/M00/27/CC/Cgo8PFVcOViAbS0KAABS-y516aE451.png,移动互联网,可将简历投至：hr@fairlinkcentury.com,6k-12k,50-150人,1,成长型(A轮),技能培训|股票期权|岗位晋升|扁平管理,,世纪空联,0,1712936,,,0,0,0,,,,today,1477299957000,17:51发布,0,世纪空联（北京）航空电子科技有限公司
25576,3-5年,本科,全职,APP运营主管,2426773,2016-10-24 17:52:45,深圳,i/image/M00/18/6E/Cgp3O1bzun2ALs4CAAJHGWlcbcc449.png,"移动互联网,金融",TOP10、空间大、福利棒、班车,10k-20k,2000人以上,1,上市公司,节日礼物|带薪年假|年度旅游|定期体检,南山区,团贷网,0,5767413,,,0,0,0,,,科技园,overSevenDays,1476670699000,17:52发布,0,广东俊特团贷网络信息服务股份有限公司
8142,1-3年,大专,全职,销售主管,2057626,2016-10-24 17:53:22,广州,image2/M00/03/79/CgpzWlXudPyAIjoxAAAO5Ar9I6c672.jpg,移动互联网,晋升空间、出国旅游、五险一金,10k-16k,500-2000人,1,初创型(未融资),节日礼物|技能培训|年底双薪|专项奖金,天河区,花镇,0,804279,,,0,0,0,,,,today,1477302418000,17:53发布,0,广州罗氏网络科技有限公司
57566,1-3年,大专,全职,产品经理/产品助理,2470299,2016-10-24 17:51:17,长沙,image1/M00/27/D1/Cgo8PFVcRs-AErmrAABke-Mn_rQ381.jpg,移动互联网,"工作氛围好,福利好,领导好,工作环境好",5k-8k,50-150人,0,成长型(不需要融资),,雨花区,长沙盈飞软件科技有限公司,0,1446912,,,0,0,0,,,汽车南站|洞井铺,today,1477286926000,17:51发布,0,长沙盈飞软件科技有限公司
24995,1-3年,本科,全职,Java研发,2501702,2016-10-24 17:49:07,上海,image1/M00/00/33/CgYXBlTUXI-AC08_AACIkHlny3Y866.jpg,"移动互联网,企业服务",免费三餐、半年调薪 、国外旅游、工时奖,10k-15k,500-2000人,1,成熟型(D轮及以上),技能培训|带薪年假|绩效奖金|岗位晋升,,泛微,0,2039631,,,0,0,0,,,,today,1477287145000,17:49发布,0,上海泛微网络科技股份有限公司
139569,3-5年,大专,全职,文案策划,2252701,2016-10-24 17:50:07,北京,i/image/M00/5B/73/CgqKkVfhCHGAZ1KRAAAYqkb3Ifs733.jpg,"电子商务,移动互联网","周末双休,五险一金,晋升空间",10k-15k,15-50人,0,初创型(未融资),绩效奖金|带薪年假|交通补助|午餐补助,大兴区,麒麟互动,0,5686441,,,0,0,0,,,亦庄,sevenDays,1476955231000,17:50发布,0,麒麟互动（北京）电子商务有限公司
11317,10年以上,本科,全职,技术总监,1541022,2016-10-24 17:53:34,北京,image1/M00/3E/18/Cgo8PFW6zMuAUtu4AAA02B-6fVE006.png,金融,五险一金、大平台、项目前景好,30k-50k,2000人以上,1,成熟型(不需要融资),技能培训|年底双薪|带薪年假|绩效奖金,东城区,恒昌利通,0,3462436,,,0,0,0,,,北京站|建国门|花市,today,1477301622000,17:53发布,0,北京恒昌利通投资管理有限公司
76944,5-10年,本科,全职,数据分析经理,1788835,2016-10-24 17:53:12,杭州,i/image/M00/62/AD/CgqKkVf_IdWAGij1AAAOM2gEwOU299.png,"移动互联网,金融",双休、五险一金、弹性时间,25k-40k,150-500人,1,成长型(A轮),节日礼物|年底双薪|带薪年假|绩效奖金,余杭区,铜掌柜,0,1935360,,,0,0,0,,,仓前,today,1477274673000,17:53发布,0,杭州铜米互联网金融服务有限公司
117503,不限,本科,全职,金融编辑,1558436,2016-10-24 17:53:59,上海,i/image/M00/0C/16/Cgp3O1bWvc-ALtYZAAAiCNphugQ078.png,"移动互联网,教育",业绩奖金、管理津贴、餐补、交通补贴等。,5k-8k,15-50人,0,初创型(天使轮),技能培训|午餐补助|扁平管理,,图表家,0,4313412,,,0,0,0,,,,disabled,1477290780000,17:53发布,0,上海向右网络科技有限公司
101010,1-3年,本科,全职,内容运营（资深）,2384805,2016-10-24 17:50:03,上海,i/image/M00/00/55/CgqKkVZBx7yAaiPoAAKeFSYDvQQ561.jpg,"移动互联网,O2O",可带宠物上班 五险一金 快速发展 公平平等,8k-16k,15-50人,1,成长型(A轮),节日礼物|年底双薪|股票期权|带薪年假,徐汇区,小狗在家,0,2845669,,,0,0,0,,,田林|漕河泾|漕宝路,today,1477302587000,17:50发布,0,上海胖球信息科技有限公司
746,1-3年,大专,全职,新媒体运营,2363302,2016-10-24 17:52:14,深圳,image2/M00/03/EE/CgpzWlXv1RWAfCU1AAEcbl8nlDE401.jpg,广告营销,周末双休 弹性工作制 员工旅游,4k-8k,150-500人,1,成长型(A轮),节日礼物|年度旅游|岗位晋升|技能培训,福田区,钛铂新媒体,0,5964534,,,0,0,0,,,新洲|石厦,today,1477302325000,17:52发布,0,深圳钛铂新媒体营销股份有限公司
52010,3-5年,大专,全职,产品经理,2085799,2016-10-24 17:52:56,上海,image1/M00/00/89/Cgo8PFTUXfiALP2fAABUXKfhcvk153.png,移动互联网,五险一金 年终奖金 绩效资金 集体旅游,6k-10k,15-50人,0,初创型(不需要融资),专项奖金|带薪年假|绩效奖金|五险一金,浦东新区,CHINTEC,0,1308273,,,0,0,0,,,张江,disabled,1477029648000,17:52发布,0,上海勤凯信息科技有限公司
111995,不限,大专,全职,销售专员,2433961,2016-10-24 17:54:40,广州,i/image/M00/03/42/CgqKkVaxt-CASqZYAABRfhGD2Sw159.jpg,"移动互联网,O2O",五险一金 弹性上班 全民持股,4k-8k,50-150人,0,初创型(未融资),专项奖金|绩效奖金|带薪年假|股票期权,萝岗区,握物流,0,3814694,,,0,0,0,,,,today,1477290705000,17:54发布,0,广州增信信息科技有限公司
323,1-3年,本科,全职,平面设计师,2059847,2016-10-24 17:48:16,北京,image1/M00/00/02/CgYXBlTUV_eAavJtAAAGJ5FjmEQ222.gif,移动互联网,大平台,10k-20k,2000人以上,1,上市公司,年终分红|绩效奖金|股票期权|五险一金,海淀区,百度游戏,0,2811104,,,0,0,0,,,上地|马连洼|颐和园,today,1477301308000,17:48发布,0,百度移信网络技术（北京）有限公司
36141,3-5年,本科,全职,网络运营推广,1509292,2016-10-24 17:51:40,广州,image1/M00/00/56/Cgo8PFTUXSSAXc90AABQQjPvfJQ289.jpg,"移动互联网,教育",福利好 发展空间大,5k-10k,150-500人,1,成长型(不需要融资),节日礼物|带薪年假|年度旅游|五险一金,天河区,广东东田教育集团有限公司,0,632281,,,0,0,0,,,跑马场|珠江新城|猎德,today,1477302675000,17:51发布,0,广东东田教育集团有限公司
118510,1-3年,本科,全职,IT工程师,2445236,2016-10-24 17:49:28,上海,i/image/M00/10/D1/Cgp3O1bgzfaAO3fXAAKcZvpkTfs077.jpg,其他,福利待遇优厚，发展前景巨大,12k-18k,500-2000人,0,上市公司,,徐汇区,四季沐歌集团,0,4441920,,,0,0,0,,,漕河泾|虹梅路|田林,today,1477280836000,17:49发布,0,北京四季沐歌太阳能技术集团有限公司
25095,1年以下,硕士,全职,产品运营,2426810,2016-10-24 17:50:34,广州,image1/M00/45/D6/CgYXBlXkC1OAF7lkAAAfjPDR5ww315.JPG,"移动互联网,金融","上市公司,弹性上班,五险一金",6k-12k,50-150人,1,成长型(不需要融资),五险一金|双休|午餐补助|股票期权,海珠区,触通科技,0,326197,,,0,0,0,,,中大|新港|凤阳,today,1477302567000,17:50发布,0,广州市触通软件科技股份有限公司
36141,3-5年,本科,全职,高级PHP开发,823229,2016-10-24 17:51:42,广州,image1/M00/00/56/Cgo8PFTUXSSAXc90AABQQjPvfJQ289.jpg,"移动互联网,教育",12%公积金+免费午餐+活力团队+优越办公环境,12k-18k,150-500人,1,成长型(不需要融资),节日礼物|带薪年假|年度旅游|五险一金,天河区,广东东田教育集团有限公司,0,632281,,,0,0,0,,,跑马场|珠江新城|猎德,today,1477302675000,17:51发布,0,广东东田教育集团有限公司
5436,1-3年,本科,全职,Python,254406,2016-10-24 17:52:05,成都,i/image/M00/04/28/Cgp3O1bGtGmAaMWaAAAq7t7JebE096.jpg,"移动互联网,数据服务",股票期权，工作氛围，归属感，发展空间,12k-20k,50-150人,1,成长型(A轮),股票期权|五险一金|节日礼物|岗位晋升,武侯区,公平价,0,54642,,,0,0,0,,,华阳,today,1477302672000,17:52发布,0,南京价公信息技术有限公司
108012,不限,大专,全职,编导实习编导,2470345,2016-10-24 17:49:46,北京,i/image/M00/38/47/CgqKkVdiZBiAAY41AAHi6rKcdhE539.png,"移动互联网,文化娱乐",艺术区办公 工时零活 扁平管理 五险一金,6k-10k,50-150人,0,成长型(A轮),绩效奖金|带薪年假|午餐补助|节日礼物,朝阳区,星发布,0,5249999,,,0,0,0,,,大望路|双井|百子湾,disabled,1477302541000,17:49发布,0,北京星发布科技发展有限公司
36141,3-5年,本科,全职,中高级测试工程师,1673674,2016-10-24 17:51:41,广州,image1/M00/00/56/Cgo8PFTUXSSAXc90AABQQjPvfJQ289.jpg,"移动互联网,教育",弹性上班制+优厚薪资福利+良好发展平台,8k-15k,150-500人,1,成长型(不需要融资),节日礼物|带薪年假|年度旅游|五险一金,天河区,广东东田教育集团有限公司,0,632281,,,0,0,0,,,跑马场|珠江新城|猎德,today,1477302675000,17:51发布,0,广东东田教育集团有限公司
43016,1年以下,大专,全职,新区销售(002441),1936333,2016-10-24 17:53:42,苏州,image2/M00/04/92/CgpzWlXySBqAQsm0AACqIAvx5NQ164.png,"电子商务,O2O",平台大、晋升快,6k-8k,2000人以上,1,成熟型(C轮),技能培训|节日礼物|绩效奖金|岗位晋升,工业园区,美菜网,0,4844798,,,0,0,0,,,东环路|邻里中心|左岸商业街,disabled,1477302600000,17:53发布,0,北京云杉世界信息技术有限公司
52010,不限,大专,全职,销售专员,2085843,2016-10-24 17:52:54,上海,image1/M00/00/89/Cgo8PFTUXfiALP2fAABUXKfhcvk153.png,移动互联网,五险一金 年终奖金 绩效奖金 公司旅游,3k-6k,15-50人,0,初创型(不需要融资),专项奖金|带薪年假|绩效奖金|五险一金,浦东新区,CHINTEC,0,1308273,,,0,0,0,,,张江,disabled,1477029648000,17:52发布,0,上海勤凯信息科技有限公司
48992,3-5年,本科,全职,测试工程师,2501721,2016-10-24 17:50:50,福州,image1/M00/00/7F/CgYXBlTUXc-AIoHZAABzzXlRe3A429.jpg,"企业服务,数据服务",福利待遇、发展前景好、,6k-12k,2000人以上,0,成熟型(D轮及以上),年底双薪|免费班车|带薪年假|绩效奖金,,亚信数据,0,4139145,,,0,0,0,,,,disabled,1477302613000,17:50发布,0,北京亚信数据有限公司
25576,3-5年,本科,全职,产品经理,2433529,2016-10-24 17:51:05,东莞,i/image/M00/18/6E/Cgp3O1bzun2ALs4CAAJHGWlcbcc449.png,"移动互联网,金融",TOP10、东莞NO.1、空间大、五险一金,12k-14k,2000人以上,1,上市公司,节日礼物|带薪年假|年度旅游|定期体检,东莞市市辖区,团贷网,0,5755958,,,0,0,0,,,,overSevenDays,1475920528000,17:51发布,0,广东俊特团贷网络信息服务股份有限公司
25095,1年以下,硕士,全职,产品运营,2426841,2016-10-24 17:50:41,广州,image1/M00/45/D6/CgYXBlXkC1OAF7lkAAAfjPDR5ww315.JPG,"移动互联网,金融","上市公司,弹性上班,五险一金",6k-12k,50-150人,1,成长型(不需要融资),五险一金|双休|午餐补助|股票期权,,触通科技,0,326197,,,0,0,0,,,,today,1477302567000,17:50发布,0,广州市触通软件科技股份有限公司
117503,不限,本科,全职,分析师,1562586,2016-10-24 17:50:54,上海,i/image/M00/0C/16/Cgp3O1bWvc-ALtYZAAAiCNphugQ078.png,"移动互联网,教育",业绩奖金、管理津贴、餐补、交通补贴等。,5k-8k,15-50人,0,初创型(天使轮),技能培训|午餐补助|扁平管理,浦东新区,图表家,0,4313412,,,0,0,0,,,东方路|潍坊|八佰伴,disabled,1477290780000,17:50发布,0,上海向右网络科技有限公司
69858,1-3年,本科,全职,BD商务渠道经理（深圳，旅游或农业背景优先）,2473807,2016-10-24 17:50:53,深圳,image1/M00/35/77/CgYXBlWbsAuAZrjVAAAf-OUfHZo324.jpg,"移动互联网,金融",盈利模式简单清晰，和牛人共事，业绩高增长,8k-15k,15-50人,1,初创型(天使轮),专项奖金|股票期权|扁平管理|领导好,,天气宝,0,1690933,,,0,0,0,,,,today,1477302712000,17:50发布,0,武汉低温宝信息有限公司
29496,3-5年,本科,全职,产品经理,2448862,2016-10-24 17:52:23,北京,image1/M00/00/41/Cgo8PFTUXMuAeMAuAABAtFBcbOM313.png,"移动互联网,金融",六险一金 补充医疗 自助午餐 年度体检,15k-25k,150-500人,1,成长型(B轮),13~15薪|晋升空间大|定期体检|能力定薪,朝阳区,闪银奇异,0,3662591,,,0,0,0,,,团结湖|朝阳公园|三里屯,disabled,1477302706000,17:52发布,0,北京闪银奇异科技有限公司
108012,1-3年,大专,全职,上星娱乐节目签约主持人,2293844,2016-10-24 17:49:32,北京,i/image/M00/38/47/CgqKkVdiZBiAAY41AAHi6rKcdhE539.png,"移动互联网,文化娱乐",艺术区办公 签约发展 上星卫视节目,8k-16k,50-150人,0,成长型(A轮),绩效奖金|带薪年假|午餐补助|节日礼物,朝阳区,星发布,0,5249999,,,0,0,0,,,大望路|双井|百子湾,disabled,1477302541000,17:49发布,0,北京星发布科技发展有限公司
107613,10年以上,本科,全职,技术总监,2419682,2016-10-24 17:52:19,武汉,i/image/M00/00/AD/Cgp3O1ZStKKAAmNAAAALcMM1n6Q138.png,"教育,移动互联网",期权,15k-18k,15-50人,0,初创型(未融资),,洪山区,易能教育,0,3268439,,,0,0,0,,,,overSevenDays,1476405882000,17:52发布,0,武汉易能教育科技有限公司
22571,1-3年,不限,全职,大客户经理,2480721,2016-10-24 17:49:11,北京,image1/M00/0D/8C/Cgo8PFT4CVCAbj40AABLImQTXNk034.jpg,"移动互联网,电子商务",五险一金；员工旅游；绩效奖金；定期体检；,8k以上,150-500人,1,成熟型(C轮),绩效奖金|专项奖金|五险一金|带薪年假,,北京信通,0,262111,,,0,0,0,,,,disabled,1477302369000,17:49发布,0,北京信通网赢科技发展有限公司
33459,不限,不限,全职,销售专员,556967,2016-10-24 17:53:55,南京,image1/M00/00/4E/CgYXBlTUXP-AAgrRAABpExrHICo528.png,"企业服务,生活服务",出差补贴、销售提成、有较大提升空间,3k-6k,50-150人,1,初创型(未融资),技能培训|年底双薪|专项奖金|带薪年假,建邺区,新希望软件,0,566791,,,0,0,0,,,沙洲|小行|赛虹桥,today,1477269609000,17:53发布,0,宁波新希望信息技术有限公司
29496,3-5年,本科,全职,Java高级,2029565,2016-10-24 17:52:07,北京,image1/M00/00/41/Cgo8PFTUXMuAeMAuAABAtFBcbOM313.png,"移动互联网,金融",六险一金 补充医疗 自助午餐 奖金补助,15k-30k,150-500人,1,成长型(B轮),13~15薪|晋升空间大|定期体检|能力定薪,,闪银奇异,0,3662591,,,0,0,0,,,,disabled,1477302706000,17:52发布,0,北京闪银奇异科技有限公司
113087,不限,本科,全职,新媒体运营,1426600,2016-10-24 17:51:02,成都,i/image/M00/02/D6/CgqKkVaeHtuARczQAAAaMWnMNVM816.jpg,"移动互联网,广告营销",薪酬每年一调、项目奖、年终分红、餐补,3k-6k,15-50人,0,初创型(不需要融资),,,财富成都,0,3758901,,,0,0,0,,,,disabled,1477302631000,17:51发布,0,成都财富猫智慧城市科技有限公司
111995,1-3年,大专,全职,测试工程师,2242643,2016-10-24 17:54:37,广州,i/image/M00/03/42/CgqKkVaxt-CASqZYAABRfhGD2Sw159.jpg,"移动互联网,O2O",五险一金 弹性上班 全民持股,8k-12k,50-150人,0,初创型(未融资),专项奖金|绩效奖金|带薪年假|股票期权,萝岗区,握物流,0,3814694,,,0,0,0,,,,today,1477290705000,17:54发布,0,广州增信信息科技有限公司
132435,1-3年,大专,全职,行政专员,2472436,2016-10-24 17:53:24,重庆,i/image/M00/32/12/CgqKkVdNMS6AMeSJAAAWTyH82OA568.jpg,生活服务,"职业前景好,年终奖,公司氛围好,各种补贴",3k-5k,少于15人,1,初创型(天使轮),年底双薪|专项奖金|股票期权|绩效奖金,渝中区,Tell Love求婚策划公司,0,5230049,,,0,0,0,,,大坪|谢家湾|鹅岭,overSevenDays,1476696026000,17:53发布,0,重庆爱之名文化传播有限公司
101010,3-5年,本科,全职,iOS开发工程师,2334198,2016-10-24 17:50:04,上海,i/image/M00/00/55/CgqKkVZBx7yAaiPoAAKeFSYDvQQ561.jpg,"移动互联网,O2O",可带宠物上班 五险一金 员工旅游,10k-20k,15-50人,1,成长型(A轮),节日礼物|年底双薪|股票期权|带薪年假,徐汇区,小狗在家,0,2845669,,,0,0,0,,,田林|漕河泾|漕宝路,today,1477302587000,17:50发布,0,上海胖球信息科技有限公司
70288,不限,大专,全职,运维工程师,1770921,2016-10-24 17:48:20,广州,i/image/M00/2A/AD/Cgp3O1cy2YOAI7iJAADT9ZKwWjI021.jpg,企业服务,五险一金，年度旅游，表现优异者可获得期权,5k-10k,50-150人,1,成长型(A轮),技能培训|年底双薪|节日礼物|提供住宿,番禺区,保利威视,0,1701048,,,0,0,0,,,大学城,disabled,1477302053000,17:48发布,0,广州易方信息科技有限公司
4210,3-5年,本科,全职,Java高级工程师,1755220,2016-10-24 17:48:59,西安,i/image/M00/0A/EA/Cgp3O1bVQVeAIYLlAAAFpvfzivk147.jpg,"移动互联网,企业服务",七险一金，带薪年假，各种补贴，福利多多,7k-14k,2000人以上,1,上市公司,五险一金|绩效奖金|技能培训|管理规范,高新技术产业开发区,神州信息,0,547470,,,0,0,0,,,,disabled,1477302520000,17:48发布,0,神州数码信息服务股份有限公司
40729,1-3年,本科,全职,Node.js 软件工程师,636413,2016-10-24 17:52:26,上海,i/image/M00/0B/F9/CgqKkVbWpG2AEYLtAAPuXenmYAU056.png,"移动互联网,社交网络",弹性工作，团队福利好，期权激励，绩效奖金,12k-20k,15-50人,1,成长型(A轮),节日礼物|带薪年假|年度旅游|扁平管理,虹口区,Rela热拉-拉拉交友APP,0,752892,,,0,0,0,,,四川北路,today,1477280897000,17:52发布,0,上海初生网络科技有限公司
